"Pid","ModuleName","FileName","BaseAddress","ModuleSize","FileDescription","FileVersion","CompanyName","ProductName"
"16428","HeyboxChat.exe","C:\Users\22983\AppData\Local\Qingfeng\HeyboxChat\1.56.0\HeyboxChat.exe","0x7FF6153D0000","192745472","HeyboxChat","1.31.0","heybox","HeyboxChat"
"16428","ntdll.dll","C:\Windows\SYSTEM32\ntdll.dll","0x7FFF0BB20000","2514944","NT 层 DLL","10.0.26100.8972 (WinBuild.160101.0800)","Microsoft Corporation","Microsoft® Windows® Operating System"
"16428","KERNEL32.DLL","C:\Windows\System32\KERNEL32.DLL","0x7FFF0B210000","823296","Windows NT 基本 API 客户端 DLL","10.0.26100.8972 (WinBuild.160101.0800)","Microsoft Corporation","Microsoft® Windows® Operating System"
"16428","KERNELBASE.dll","C:\Windows\System32\KERNELBASE.dll","0x7FFF08D30000","4190208","Windows NT 基本 API 客户端 DLL","10.0.26100.8972 (WinBuild.160101.0800)","Microsoft Corporation","Microsoft® Windows® Operating System"
"16428","OLEAUT32.dll","C:\Windows\System32\OLEAUT32.dll","0x7FFF09E90000","888832","OLEAUT32.DLL","10.0.26100.8972 (WinBuild.160101.0800)","Microsoft Corporation","Microsoft® Windows® Operating System"
"16428","msvcp_win.dll","C:\Windows\System32\msvcp_win.dll","0x7FFF09290000","667648","Microsoft® C Runtime Library","10.0.26100.8875 (WinBuild.160101.0800)","Microsoft Corporation","Microsoft® Windows® Operating System"
"16428","ffmpeg.dll","C:\Users\22983\AppData\Local\Qingfeng\HeyboxChat\1.56.0\ffmpeg.dll","0x7FFE1E1D0000","3854336",,,,
"16428","dbghelp.dll","C:\Windows\SYSTEM32\dbghelp.dll","0x7FFF060E0000","2367488","Windows Image Helper","10.0.26100.8328 (WinBuild.160101.0800)","Microsoft Corporation","Microsoft® Windows® Operating System"
"16428","ucrtbase.dll","C:\Windows\System32\ucrtbase.dll","0x7FFF096F0000","1359872","Microsoft® C Runtime Library","10.0.26100.8875 (WinBuild.160101.0800)","Microsoft Corporation","Microsoft® Windows® Operating System"
"16428","combase.dll","C:\Windows\System32\combase.dll","0x7FFF09FA0000","3690496","用于 Windows 的 Microsoft COM","10.0.26100.8875 (WinBuild.160101.0800)","Microsoft Corporation","Microsoft® Windows® Operating System"
"16428","RPCRT4.dll","C:\Windows\System32\RPCRT4.dll","0x7FFF0B2E0000","1146880","远程过程调用运行时","10.0.26100.8875 (WinBuild.160101.0800)","Microsoft Corporation","Microsoft® Windows® Operating System"
"16428","WS2_32.dll","C:\Windows\System32\WS2_32.dll","0x7FFF0B840000","532480","Windows Socket 2.0 32 位 DLL","10.0.26100.8875 (WinBuild.160101.0800)","Microsoft Corporation","Microsoft® Windows® Operating System"
"16428","CRYPT32.dll","C:\Windows\System32\CRYPT32.dll","0x7FFF09370000","1564672","加密 API32","10.0.26100.8875 (WinBuild.160101.0800)","Microsoft Corporation","Microsoft® Windows® Operating System"
"16428","WINMM.dll","C:\Windows\SYSTEM32\WINMM.dll","0x7FFEF8C70000","221184","MCI API DLL","10.0.26100.8875 (WinBuild.160101.0800)","Microsoft Corporation","Microsoft® Windows® Operating System"
"16428","WINTRUST.dll","C:\Windows\System32\WINTRUST.dll","0x7FFF09200000","536576","Microsoft Trust Verification APIs","10.0.26100.8972 (WinBuild.160101.0800)","Microsoft Corporation","Microsoft® Windows® Operating System"
"16428","msvcrt.dll","C:\Windows\System32\msvcrt.dll","0x7FFF0B4D0000","692224","Windows NT CRT DLL","7.0.26100.8875 (WinBuild.160101.0800)","Microsoft Corporation","Microsoft® Windows® Operating System"
"16428","IPHLPAPI.DLL","C:\Windows\SYSTEM32\IPHLPAPI.DLL","0x7FFF07300000","208896","IP 帮助程序 API","10.0.26100.8875 (WinBuild.160101.0800)","Microsoft Corporation","Microsoft® Windows® Operating System"
"16428","USERENV.dll","C:\Windows\SYSTEM32\USERENV.dll","0x7FFF08020000","204800","Userenv","10.0.26100.8875 (WinBuild.160101.0800)","Microsoft Corporation","Microsoft® Windows® Operating System"
"16428","DWrite.dll","C:\Windows\SYSTEM32\DWrite.dll","0x7FFF05D20000","2519040","Microsoft DirectX 版式服务","10.0.26100.8875 (WinBuild.160101.0800)","Microsoft Corporation","Microsoft® Windows® Operating System"
"16428","VERSION.dll","C:\Windows\SYSTEM32\VERSION.dll","0x7FFF022C0000","45056","Version Checking and File Installation Libraries","10.0.26100.1150 (WinBuild.160101.0800)","Microsoft Corporation","Microsoft® Windows® Operating System"
"16428","WINSPOOL.DRV","C:\Windows\SYSTEM32\WINSPOOL.DRV","0x7FFEE3690000","716800","Windows 后台处理程序驱动程序","10.0.26100.8875 (WinBuild.160101.0800)","Microsoft Corporation","Microsoft® Windows® Operating System"
"16428","Secur32.dll","C:\Windows\SYSTEM32\Secur32.dll","0x7FFF07700000","53248","Security Support Provider Interface","10.0.26100.7705 (WinBuild.160101.0800)","Microsoft Corporation","Microsoft® Windows® Operating System"
"16428","dhcpcsvc.DLL","C:\Windows\SYSTEM32\dhcpcsvc.DLL","0x7FFF01F30000","151552","DHCP 客户端服务","10.0.26100.8875 (WinBuild.160101.0800)","Microsoft Corporation","Microsoft® Windows® Operating System"
"16428","shcore.dll","C:\Windows\System32\shcore.dll","0x7FFF09C20000","1019904","SHCORE","10.0.26100.8875 (WinBuild.160101.0800)","Microsoft Corporation","Microsoft® Windows® Operating System"
"16428","WINHTTP.dll","C:\Windows\SYSTEM32\WINHTTP.dll","0x7FFF020D0000","1212416","Windows HTTP 服务","10.0.26100.8875 (WinBuild.160101.0800)","Microsoft Corporation","Microsoft® Windows® Operating System"
"16428","sechost.dll","C:\Windows\System32\sechost.dll","0x7FFF09A20000","696320","Host for SCM/SDDL/LSA Lookup APIs","10.0.26100.1 (WinBuild.160101.0800)","Microsoft Corporation","Microsoft® Windows® Operating System"
"16428","cfgmgr32.dll","C:\Windows\SYSTEM32\cfgmgr32.dll","0x7FFF08900000","335872","Configuration Manager DLL","10.0.26100.8972 (WinBuild.160101.0800)","Microsoft Corporation","Microsoft® Windows® Operating System"
"16428","dbgcore.DLL","C:\Windows\SYSTEM32\dbgcore.DLL","0x7FFEE5800000","241664","Windows Core Debugging Helpers","10.0.26100.8972 (WinBuild.160101.0800)","Microsoft Corporation","Microsoft® Windows® Operating System"
"16428","DPAPI.DLL","C:\Windows\SYSTEM32\DPAPI.DLL","0x7FFF08980000","40960","Data Protection API","10.0.26100.8521 (WinBuild.160101.0800)","Microsoft Corporation","Microsoft® Windows® Operating System"
"16428","SSPICLI.DLL","C:\Windows\SYSTEM32\SSPICLI.DLL","0x7FFF07C90000","299008","Security Support Provider Interface","10.0.26100.8972 (WinBuild.160101.0800)","Microsoft Corporation","Microsoft® Windows® Operating System"
"16428","MSASN1.dll","C:\Windows\SYSTEM32\MSASN1.dll","0x7FFF08400000","77824","ASN.1 Runtime APIs","10.0.26100.8875 (WinBuild.160101.0800)","Microsoft Corporation","Microsoft® Windows® Operating System"
"16428","bcryptPrimitives.dll","C:\Windows\System32\bcryptPrimitives.dll","0x7FFF09630000","704512","Windows Cryptographic Primitives Library","10.0.26100.9168 (WinBuild.160101.0800)","Microsoft Corporation","Microsoft® Windows® Operating System"
"16428","powrprof.dll","C:\Windows\SYSTEM32\powrprof.dll","0x7FFF089D0000","385024","电源配置文件帮助程序 DLL","10.0.26100.8875 (WinBuild.160101.0800)","Microsoft Corporation","Microsoft® Windows® Operating System"
"16428","UMPDC.dll","C:\Windows\SYSTEM32\UMPDC.dll","0x7FFF089B0000","86016","User Mode Power Dependency Coordinator","10.0.26100.8972 (WinBuild.160101.0800)","Microsoft Corporation","Microsoft® Windows® Operating System"
"16428","USER32.dll","C:\Windows\System32\USER32.dll","0x7FFF09850000","1859584","多用户 Windows 用户 API 客户端 DLL","10.0.26100.8875 (WinBuild.160101.0800)","Microsoft Corporation","Microsoft® Windows® Operating System"
"16428","win32u.dll","C:\Windows\System32\win32u.dll","0x7FFF09340000","159744","Win32u","10.0.26100.9168 (WinBuild.160101.0800)","Microsoft Corporation","Microsoft® Windows® Operating System"
"16428","GDI32.dll","C:\Windows\System32\GDI32.dll","0x7FFF0B1E0000","176128","GDI Client DLL","10.0.26100.8328 (WinBuild.160101.0800)","Microsoft Corporation","Microsoft® Windows® Operating System"
"16428","gdi32full.dll","C:\Windows\System32\gdi32full.dll","0x7FFF09500000","1216512","GDI Client DLL","10.0.26100.9168 (WinBuild.160101.0800)","Microsoft Corporation","Microsoft® Windows® Operating System"
"16428","IMM32.DLL","C:\Windows\System32\IMM32.DLL","0x7FFF0A510000","204800","Multi-User Windows IMM32 API Client DLL","10.0.26100.8521 (WinBuild.160101.0800)","Microsoft Corporation","Microsoft® Windows® Operating System"
"16428","uxtheme.dll","C:\Windows\system32\uxtheme.dll","0x7FFF04E80000","688128","Microsoft UxTheme 库","10.0.26100.8875 (WinBuild.160101.0800)","Microsoft Corporation","Microsoft® Windows® Operating System"
"16428","mswsock.dll","C:\Windows\system32\mswsock.dll","0x7FFF07F70000","442368","Microsoft Windows Sockets 2.0 服务提供程序","10.0.26100.8875 (WinBuild.160101.0800)","Microsoft Corporation","Microsoft® Windows® Operating System"
"16428","SHELL32.dll","C:\Windows\System32\SHELL32.dll","0x7FFF0A5A0000","7897088","Windows Shell 公用 DLL","10.0.26100.8972 (WinBuild.160101.0800)","Microsoft Corporation","Microsoft® Windows® Operating System"
"16428","ADVAPI32.dll","C:\Windows\System32\ADVAPI32.dll","0x7FFF0B400000","770048","高级 Windows 32 基本 API","10.0.26100.8875 (WinBuild.160101.0800)","Microsoft Corporation","Microsoft® Windows® Operating System"
"16428","ntmarta.dll","C:\Windows\SYSTEM32\ntmarta.dll","0x7FFF07B10000","221184","Windows NT MARTA 提供程序","10.0.26100.8875 (WinBuild.160101.0800)","Microsoft Corporation","Microsoft® Windows® Operating System"
"16428","kernel.appcore.dll","C:\Windows\SYSTEM32\kernel.appcore.dll","0x7FFF079E0000","110592","AppModel API Host","10.0.26100.8737 (WinBuild.160101.0800)","Microsoft Corporation","Microsoft® Windows® Operating System"
"16428","get_endpoint_info.node","C:\Users\22983\AppData\Local\Qingfeng\HeyboxChat\1.56.0\resources\versions\1.56.0\app\addon\get_endpoint_info.node","0x7FFEDF100000","507904",,,,
"16428","ole32.dll","C:\Windows\System32\ole32.dll","0x7FFF0B940000","1675264","用于 Windows 的 Microsoft OLE","10.0.26100.8875 (WinBuild.160101.0800)","Microsoft Corporation","Microsoft® Windows® Operating System"
"16428","gdiplus.dll","C:\Windows\WinSxS\amd64_microsoft.windows.gdiplus_6595b64144ccf1df_1.1.26100.9168_none_6ef70e683dc39227\gdiplus.dll","0x7FFEE55E0000","1945600","Microsoft GDI+","10.0.26100.9168 (WinBuild.160101.0800)","Microsoft Corporation","Microsoft® Windows® Operating System"
"16428","electron-sdk.node","C:\Users\22983\AppData\Local\Qingfeng\HeyboxChat\1.56.0\resources\versions\1.56.0\app\node_modules\@volcengine\vertc-electron-sdk\build\Release\electron-sdk.node","0x7FFE59700000","1527808",,,,
"16428","VolcEngineRTC.dll","C:\Users\22983\AppData\Local\Qingfeng\HeyboxChat\1.56.0\resources\versions\1.56.0\app\node_modules\@volcengine\vertc-electron-sdk\build\Release\VolcEngineRTC.dll","0x7FFDFA300000","49717248","RTCWindowsSDK DLL","3.58.1.63260","ByteDance","RTCWindowsSDK"
"16428","SHLWAPI.dll","C:\Windows\System32\SHLWAPI.dll","0x7FFF0B8D0000","417792","外壳简易实用工具库","10.0.26100.8875 (WinBuild.160101.0800)","Microsoft Corporation","Microsoft® Windows® Operating System"
"16428","d3d11.dll","C:\Windows\SYSTEM32\d3d11.dll","0x7FFF06330000","2490368","Direct3D 11 Runtime","10.0.26100.8972 (WinBuild.160101.0800)","Microsoft Corporation","Microsoft® Windows® Operating System"
"16428","dxgi.dll","C:\Windows\SYSTEM32\dxgi.dll","0x7FFF065A0000","1286144","DirectX Graphics Infrastructure","10.0.26100.9168 (WinBuild.160101.0800)","Microsoft Corporation","Microsoft® Windows® Operating System"
"16428","SETUPAPI.dll","C:\Windows\System32\SETUPAPI.dll","0x7FFF0AD50000","4747264","Windows 安装程序 API","10.0.26100.8875 (WinBuild.160101.0800)","Microsoft Corporation","Microsoft® Windows® Operating System"
"16428","d3d9.dll","C:\Windows\SYSTEM32\d3d9.dll","0x7FFE8AEB0000","1777664","Direct3D 9 Runtime","10.0.26100.8972 (WinBuild.160101.0800)","Microsoft Corporation","Microsoft® Windows® Operating System"
"16428","openh264-4.dll","C:\Users\22983\AppData\Local\Qingfeng\HeyboxChat\1.56.0\resources\versions\1.56.0\app\node_modules\@volcengine\vertc-electron-sdk\build\Release\openh264-4.dll","0x7FFE54F90000","1339392",,,,
"16428","msdmo.dll","C:\Windows\SYSTEM32\msdmo.dll","0x7FFEE3CC0000","57344","DMO Runtime","10.0.26100.1150 (WinBuild.160101.0800)","Microsoft Corporation","Microsoft® Windows® Operating System"
"16428","RTCFFmpeg.dll","C:\Users\22983\AppData\Local\Qingfeng\HeyboxChat\1.56.0\resources\versions\1.56.0\app\node_modules\@volcengine\vertc-electron-sdk\build\Release\RTCFFmpeg.dll","0x7FFDF96D0000","12771328",,,,
"16428","WSOCK32.dll","C:\Windows\SYSTEM32\WSOCK32.dll","0x7FFF04DB0000","40960","Windows Socket 32-Bit DLL","10.0.26100.8875 (WinBuild.160101.0800)","Microsoft Corporation","Microsoft® Windows® Operating System"
"16428","wlanapi.dll","C:\Windows\SYSTEM32\wlanapi.dll","0x7FFF01E30000","581632","Windows WLAN 自动配置客户端 API DLL","10.0.26100.8875 (WinBuild.160101.0800)","Microsoft Corporation","Microsoft® Windows® Operating System"
"16428","dwmapi.dll","C:\Windows\SYSTEM32\dwmapi.dll","0x7FFF04FA0000","192512","Microsoft 桌面窗口管理器 API","10.0.26100.8875 (WinBuild.160101.0800)","Microsoft Corporation","Microsoft® Windows® Operating System"
"16428","MMDevAPI.DLL","C:\Windows\SYSTEM32\MMDevAPI.DLL","0x7FFEF7B20000","679936","MMDevice API","10.0.26100.8875 (WinBuild.160101.0800)","Microsoft Corporation","Microsoft® Windows® Operating System"
"16428","PROPSYS.dll","C:\Windows\SYSTEM32\PROPSYS.dll","0x7FFF03850000","999424","Microsoft 属性系统","7.0.26100.8972 (WinBuild.160101.0800)","Microsoft Corporation","Windows® Search"
"16428","pdh.dll","C:\Windows\SYSTEM32\pdh.dll","0x7FFEF91F0000","360448","Windows 性能数据助手 DLL","10.0.26100.8875 (WinBuild.160101.0800)","Microsoft Corporation","Microsoft® Windows® Operating System"
"16428","dxva2.dll","C:\Windows\SYSTEM32\dxva2.dll","0x7FFEDF620000","188416","DirectX Video Acceleration 2.0 DLL","10.0.26100.8972 (WinBuild.160101.0800)","Microsoft Corporation","Microsoft® Windows® Operating System"
"16428","bcrypt.dll","C:\Windows\SYSTEM32\bcrypt.dll","0x7FFF08C20000","172032","Windows 加密基元库","10.0.26100.8875 (WinBuild.160101.0800)","Microsoft Corporation","Microsoft® Windows® Operating System"
"16428","dxcore.dll","C:\Windows\SYSTEM32\dxcore.dll","0x7FFF05690000","282624","DXCore","10.0.26100.8972 (WinBuild.160101.0800)","Microsoft Corporation","Microsoft® Windows® Operating System"
"16428","CRYPTBASE.DLL","C:\Windows\SYSTEM32\CRYPTBASE.DLL","0x7FFF081D0000","49152","Base cryptographic API DLL","10.0.26100.8875 (WinBuild.160101.0800)","Microsoft Corporation","Microsoft® Windows® Operating System"
"16428","MobileNetworking.dll","C:\Windows\SYSTEM32\MobileNetworking.dll","0x7FFF01E00000","139264","""MobileNetworking.DYNLINK""","10.0.26100.8115 (WinBuild.160101.0800)","Microsoft Corporation","Microsoft® Windows® Operating System"
"16428","windows.storage.dll","C:\Windows\SYSTEM32\windows.storage.dll","0x7FFF06730000","9023488","Microsoft WinRT Storage API","10.0.26100.8972 (WinBuild.160101.0800)","Microsoft Corporation","Microsoft® Windows® Operating System"
"16428","DEVOBJ.dll","C:\Windows\SYSTEM32\DEVOBJ.dll","0x7FFF088C0000","192512","Device Information Set DLL","10.0.26100.8972 (WinBuild.160101.0800)","Microsoft Corporation","Microsoft® Windows® Operating System"
"16428","CRYPTSP.dll","C:\Windows\SYSTEM32\CRYPTSP.dll","0x7FFF08390000","110592","Cryptographic Service Provider API","10.0.26100.8875 (WinBuild.160101.0800)","Microsoft Corporation","Microsoft® Windows® Operating System"
"16428","rsaenh.dll","C:\Windows\system32\rsaenh.dll","0x7FFF07940000","233472","Microsoft Enhanced Cryptographic Provider","10.0.26100.1 (WinBuild.160101.0800)","Microsoft Corporation","Microsoft® Windows® Operating System"
"16428","DNSAPI.dll","C:\Windows\SYSTEM32\DNSAPI.dll","0x7FFF07390000","1409024","DNS 客户端 API DLL","10.0.26100.8972 (WinBuild.160101.0800)","Microsoft Corporation","Microsoft® Windows® Operating System"
"16428","DSPARSE.dll","C:\Windows\SYSTEM32\DSPARSE.dll","0x7FFF07D70000","53248","Active Directory Domain Services API","10.0.26100.1 (WinBuild.160101.0800)","Microsoft Corporation","Microsoft® Windows® Operating System"
"16428","NSI.dll","C:\Windows\System32\NSI.dll","0x7FFF09D20000","40960","NSI User-mode interface DLL","10.0.26100.8875 (WinBuild.160101.0800)","Microsoft Corporation","Microsoft® Windows® Operating System"
"16428","rasadhlp.dll","C:\Windows\System32\rasadhlp.dll","0x7FFF01300000","45056","Remote Access AutoDial Helper","10.0.26100.7920 (WinBuild.160101.0800)","Microsoft Corporation","Microsoft® Windows® Operating System"
"16428","fwpuclnt.dll","C:\Windows\System32\fwpuclnt.dll","0x7FFF01790000","548864","FWP/IPsec 用户模式 API","10.0.26100.8875 (WinBuild.160101.0800)","Microsoft Corporation","Microsoft® Windows® Operating System"
"16428","libEGL.dll","C:\Users\22983\AppData\Local\Qingfeng\HeyboxChat\1.56.0\libEGL.dll","0x7FFEDF070000","528384","ANGLE libEGL Dynamic Link Library","2.1.23876 git hash: fffbc739779a","","ANGLE libEGL Dynamic Link Library"
"16428","libGLESv2.dll","C:\Users\22983\AppData\Local\Qingfeng\HeyboxChat\1.56.0\libGLESv2.dll","0x7FFDF6D00000","8478720","ANGLE libGLESv2 Dynamic Link Library","2.1.23876 git hash: fffbc739779a","","ANGLE libGLESv2 Dynamic Link Library"
"16428","clbcatq.dll","C:\Windows\System32\clbcatq.dll","0x7FFF09B60000","712704","COM+ Configuration Catalog","2001.12.10941.16384 (WinBuild.160101.0800)","Microsoft Corporation","Microsoft® Windows® Operating System"
"16428","AUDIOSES.DLL","C:\Windows\SYSTEM32\AUDIOSES.DLL","0x7FFEC6560000","1798144","音频会话","10.0.26100.8875 (WinBuild.160101.0800)","Microsoft Corporation","Microsoft® Windows® Operating System"
"16428","Windows.UI.dll","C:\Windows\System32\Windows.UI.dll","0x7FFEE3430000","1413120","Windows Runtime UI Foundation DLL","10.0.26100.7840 (WinBuild.160101.0800)","Microsoft Corporation","Microsoft® Windows® Operating System"
"16428","dhcpcsvc6.DLL","C:\Windows\SYSTEM32\dhcpcsvc6.DLL","0x7FFF02230000","118784","DHCPv6 客户端","10.0.26100.8875 (WinBuild.160101.0800)","Microsoft Corporation","Microsoft® Windows® Operating System"
"16428","mfwmaaec.dll","C:\Windows\System32\mfwmaaec.dll","0x7FFEDF270000","282624","Windows Media Audio AEC for Media Foundation","10.0.26100.8972 (WinBuild.160101.0800)","Microsoft Corporation","Microsoft® Windows® Operating System"
"16428","Avrt.dll","C:\Windows\SYSTEM32\Avrt.dll","0x7FFF06700000","45056","多媒体实时运行时","10.0.26100.8875 (WinBuild.160101.0800)","Microsoft Corporation","Microsoft® Windows® Operating System"
"16428","directxdatabasehelper.dll","C:\Windows\SYSTEM32\directxdatabasehelper.dll","0x7FFF03460000","389120","DirectXDatabaseHelper","10.0.26100.9168 (WinBuild.160101.0800)","Microsoft Corporation","Microsoft® Windows® Operating System"
"16428","devenum.dll","C:\Windows\System32\devenum.dll","0x7FFF01530000","135168","设备枚举。","10.0.26100.8875 (WinBuild.160101.0800)","Microsoft Corporation","Microsoft® Windows® Operating System"
"16428","netprofm.dll","C:\Windows\System32\netprofm.dll","0x7FFF033E0000","446464","网络列表管理器","10.0.26100.8875 (WinBuild.160101.0800)","Microsoft Corporation","Microsoft® Windows® Operating System"
"16428","mfplat.dll","C:\Windows\SYSTEM32\mfplat.dll","0x7FFED8B10000","2244608","媒体基础平台 DLL","10.0.26100.8875 (WinBuild.160101.0800)","Microsoft Corporation","Microsoft® Windows® Operating System"
"16428","RTWorkQ.DLL","C:\Windows\SYSTEM32\RTWorkQ.DLL","0x7FFED8870000","241664","Realtime WorkQueue DLL","10.0.26100.3912 (WinBuild.160101.0800)","Microsoft Corporation","Microsoft® Windows® Operating System"
"16428","mfreadwrite.dll","C:\Windows\SYSTEM32\mfreadwrite.dll","0x7FFE61680000","864256","Media Foundation ReadWrite DLL","10.0.26100.8972 (WinBuild.160101.0800)","Microsoft Corporation","Microsoft® Windows® Operating System"
"16428","mf.dll","C:\Windows\SYSTEM32\mf.dll","0x7FFECC110000","622592","媒体基础 DLL","10.0.26100.8875 (WinBuild.160101.0800)","Microsoft Corporation","Microsoft® Windows® Operating System"
"16428","npmproxy.dll","C:\Windows\System32\npmproxy.dll","0x7FFF012E0000","102400","Network List Manager Proxy","10.0.26100.8328 (WinBuild.160101.0800)","Microsoft Corporation","Microsoft® Windows® Operating System"
"16428","MFCORE.DLL","C:\Windows\SYSTEM32\MFCORE.DLL","0x7FFECBCF0000","4296704","Media Foundation Core DLL","10.0.26100.1 (WinBuild.160101.0800)","Microsoft Corporation","Microsoft® Windows® Operating System"
"16428","wbemprox.dll","C:\Windows\system32\wbem\wbemprox.dll","0x7FFEED610000","73728","WMI","10.0.26100.8972 (WinBuild.160101.0800)","Microsoft Corporation","Microsoft® Windows® Operating System"
"16428","wbemcomn.dll","C:\Windows\SYSTEM32\wbemcomn.dll","0x7FFEECDC0000","499712","WMI","10.0.26100.7920 (WinBuild.160101.0800)","Microsoft Corporation","Microsoft® Windows® Operating System"
"16428","wbemsvc.dll","C:\Windows\system32\wbem\wbemsvc.dll","0x7FFEEB330000","86016","WMI","10.0.26100.8972 (WinBuild.160101.0800)","Microsoft Corporation","Microsoft® Windows® Operating System"
"16428","fastprox.dll","C:\Windows\system32\wbem\fastprox.dll","0x7FFEEB350000","999424","WMI Custom Marshaller","10.0.26100.8972 (WinBuild.160101.0800)","Microsoft Corporation","Microsoft® Windows® Operating System"
"16428","amsi.dll","C:\Windows\SYSTEM32\amsi.dll","0x7FFEEB080000","118784","Anti-Malware Scan Interface","10.0.26100.7309 (WinBuild.160101.0800)","Microsoft Corporation","Microsoft® Windows® Operating System"
"16428","resourcepolicyclient.dll","C:\Windows\SYSTEM32\resourcepolicyclient.dll","0x7FFF05300000","81920","Resource Policy Client","10.0.26100.8115 (WinBuild.160101.0800)","Microsoft Corporation","Microsoft® Windows® Operating System"
"16428","twinapi.dll","C:\Windows\system32\twinapi.dll","0x7FFED5F20000","933888","twinapi","10.0.26100.8875 (WinBuild.160101.0800)","Microsoft Corporation","Microsoft® Windows® Operating System"
"16428","Magnification.dll","C:\Windows\SYSTEM32\Magnification.dll","0x7FFF03960000","73728","Microsoft Magnification API","10.0.26100.8875 (WinBuild.160101.0800)","Microsoft Corporation","Microsoft® Windows® Operating System"
"16428","WTSAPI32.dll","C:\Windows\SYSTEM32\WTSAPI32.dll","0x7FFF04E20000","167936","Windows Remote Desktop Session Host Server SDK APIs","10.0.26100.8972 (WinBuild.160101.0800)","Microsoft Corporation","Microsoft® Windows® Operating System"
"16428","cryptnet.dll","C:\Windows\SYSTEM32\cryptnet.dll","0x7FFF01ED0000","241664","Crypto Network Related API","10.0.26100.8972 (WinBuild.160101.0800)","Microsoft Corporation","Microsoft® Windows® Operating System"
"16428","wldp.dll","C:\Windows\SYSTEM32\wldp.dll","0x7FFF08290000","434176","Windows 锁定策略","10.0.26100.8875 (WinBuild.160101.0800)","Microsoft Corporation","Microsoft® Windows® Operating System"
"16428","drvstore.dll","C:\Windows\SYSTEM32\drvstore.dll","0x7FFF01C80000","1548288","Driver Store API","10.0.26100.8972 (WinBuild.160101.0800)","Microsoft Corporation","Microsoft® Windows® Operating System"
"16428","imagehlp.dll","C:\Windows\System32\imagehlp.dll","0x7FFF09F70000","131072","Windows NT Image Helper","10.0.26100.4202 (WinBuild.160101.0800)","Microsoft Corporation","Microsoft® Windows® Operating System"
"16428","nvspcap64.dll","C:\Windows\system32\nvspcap64.dll","0x7FFEAEC30000","1495040","NVIDIA Game Proxy","11.0.9.251","NVIDIA Corporation","NVIDIA App"
"16428","profapi.dll","C:\Windows\SYSTEM32\profapi.dll","0x7FFF08C50000","167936","User Profile Basic API","10.0.26100.9168 (WinBuild.160101.0800)","Microsoft Corporation","Microsoft® Windows® Operating System"
"16428","nvppex.dll","C:\Windows\System32\DriverStore\FileRepository\nv_dispi.inf_amd64_436833bbb0f00476\nvppex.dll","0x7FFECDA50000","7499776","NVIDIA Driver, Version 616.64 ","32.0.16.1664","NVIDIA Corporation","NVIDIA driver loader"
"16428","MSCTF.dll","C:\Windows\System32\MSCTF.dll","0x7FFF0B5B0000","1429504","MSCTF 服务器 DLL","10.0.26100.8875 (WinBuild.160101.0800)","Microsoft Corporation","Microsoft® Windows® Operating System"
"16428","textinputframework.dll","C:\Windows\SYSTEM32\textinputframework.dll","0x7FFEDA500000","1335296","""TextInputFramework.DYNLINK""","10.0.26100.8972 (WinBuild.160101.0800)","Microsoft Corporation","Microsoft® Windows® Operating System"
"16428","Oleacc.dll","C:\Windows\system32\Oleacc.dll","0x7FFEE3750000","479232","Active Accessibility Core Component","7.2.26100.8972 (WinBuild.160101.0800)","Microsoft Corporation","Microsoft® Windows® Operating System"
"16428","gpapi.dll","C:\Windows\SYSTEM32\gpapi.dll","0x7FFF07FF0000","151552","组策略客户端 API","10.0.26100.8875 (WinBuild.160101.0800)","Microsoft Corporation","Microsoft® Windows® Operating System"
"16428","nvldumdx.dll","C:\Windows\System32\DriverStore\FileRepository\nv_dispi.inf_amd64_436833bbb0f00476\nvldumdx.dll","0x7FFF022D0000","843776","NVIDIA Driver Loader, Version 616.64 ","32.0.16.1664","NVIDIA Corporation","NVIDIA driver loader"
"16428","nvgpucomp64.dll","C:\Windows\System32\DriverStore\FileRepository\nv_dispi.inf_amd64_436833bbb0f00476\nvgpucomp64.dll","0x7FFEF9E50000","110784512","NVIDIA GPU Compiler Driver, Version 616.64 ","32.0.16.1664","NVIDIA Corporation","NVIDIA GPU Compiler Driver"
"16428","NvMemMapStoragex.dll","C:\Windows\System32\DriverStore\FileRepository\nv_dispi.inf_amd64_436833bbb0f00476\NvMemMapStoragex.dll","0x7FFEF8CB0000","1421312",,,,
"16428","nvd3dumx.dll","C:\Windows\System32\DriverStore\FileRepository\nv_dispi.inf_amd64_436833bbb0f00476\nvd3dumx.dll","0x7FFE4FC40000","43462656","NVIDIA WDDM D3D Driver, Version 616.64 ","32.0.16.1664","NVIDIA Corporation","NVIDIA Windows WDDM D3D driver"
"16428","comctl32.dll","C:\Windows\WinSxS\amd64_microsoft.windows.common-controls_6595b64144ccf1df_6.0.26100.8972_none_3e0da176e32f9d4b\comctl32.dll","0x7FFEF9250000","2691072","公用控件库","5.82 (WinBuild.160101.0800)","Microsoft Corporation","Microsoft® Windows® Operating System"
"16428","dcomp.dll","C:\Windows\SYSTEM32\dcomp.dll","0x7FFF04220000","2248704","Microsoft DirectComposition Library","10.0.26100.8972 (WinBuild.160101.0800)","Microsoft Corporation","Microsoft® Windows® Operating System"
"16428","Microsoft.Internal.WarpPal.dll","C:\Windows\SYSTEM32\Microsoft.Internal.WarpPal.dll","0x7FFF03B30000","102400",,,,
"16428","OneCoreUAPCommonProxyStub.dll","C:\Windows\System32\OneCoreUAPCommonProxyStub.dll","0x7FFF00800000","6688768","OneCoreUAP Common Proxy Stub","10.0.26100.8972 (WinBuild.160101.0800)","Microsoft Corporation","Microsoft® Windows® Operating System"
"16428","WindowsCodecs.dll","C:\Windows\SYSTEM32\WindowsCodecs.dll","0x7FFF03B50000","2281472","Microsoft Windows Codecs Library","10.0.26100.9168 (WinBuild.160101.0800)","Microsoft Corporation","Microsoft® Windows® Operating System"
"16428","WINSTA.dll","C:\Windows\SYSTEM32\WINSTA.dll","0x7FFF08640000","401408","Winstation Library","10.0.26100.8972 (WinBuild.160101.0800)","Microsoft Corporation","Microsoft® Windows® Operating System"
"16428","nvwgf2umx.dll","C:\Windows\System32\DriverStore\FileRepository\nv_dispi.inf_amd64_436833bbb0f00476\nvwgf2umx.dll","0x7FFEF0BF0000","90202112","NVIDIA D3D10 Driver, Version 616.64 ","32.0.16.1664","NVIDIA Corporation","NVIDIA D3D10 drivers"
"16428","GraphicsCapture.dll","C:\Windows\System32\GraphicsCapture.dll","0x7FFEEC2B0000","266240","Microsoft Windows Graphics Capture Api","10.0.26100.8972 (WinBuild.160101.0800)","Microsoft Corporation","Microsoft® Windows® Operating System"
"16428","CoreMessaging.dll","C:\Windows\System32\CoreMessaging.dll","0x7FFF048B0000","1224704","Microsoft CoreMessaging Dll","10.0.26100.8972 (WinBuild.160101.0800)","Microsoft Corporation","Microsoft® Windows® Operating System"
"16428","audioeng.dll","C:\Windows\System32\audioeng.dll","0x7FFE82050000","2027520","Audio Engine","10.0.26100.8972 (WinBuild.160101.0800)","Microsoft Corporation","Microsoft® Windows® Operating System"
"16428","nvcuda.dll","C:\Windows\SYSTEM32\nvcuda.dll","0x7FFDFE010000","4788224","NVIDIA CUDA Driver, Version 616.64 ","32.0.16.1664","NVIDIA Corporation","NVIDIA CUDA 13.4.62 driver"
"16428","nvEncodeAPI64.dll","C:\Windows\SYSTEM32\nvEncodeAPI64.dll","0x7FFE1A7A0000","1081344","NVIDIA Video Encoder API, Version 11.0 ","32.0.16.1664","NVIDIA Corporation","NVIDIA Video Encoder API"
"20728","HeyboxChat.exe","C:\Users\22983\AppData\Local\Qingfeng\HeyboxChat\1.56.0\HeyboxChat.exe","0x7FF6153D0000","192745472","HeyboxChat","1.31.0","heybox","HeyboxChat"
"20728","ntdll.dll","C:\Windows\SYSTEM32\ntdll.dll","0x7FFF0BB20000","2514944","NT 层 DLL","10.0.26100.8972 (WinBuild.160101.0800)","Microsoft Corporation","Microsoft® Windows® Operating System"
"20728","KERNEL32.DLL","C:\Windows\System32\KERNEL32.DLL","0x7FFF0B210000","823296","Windows NT 基本 API 客户端 DLL","10.0.26100.8972 (WinBuild.160101.0800)","Microsoft Corporation","Microsoft® Windows® Operating System"
"20728","KERNELBASE.dll","C:\Windows\System32\KERNELBASE.dll","0x7FFF08D30000","4190208","Windows NT 基本 API 客户端 DLL","10.0.26100.8972 (WinBuild.160101.0800)","Microsoft Corporation","Microsoft® Windows® Operating System"
"20728","OLEAUT32.dll","C:\Windows\System32\OLEAUT32.dll","0x7FFF09E90000","888832","OLEAUT32.DLL","10.0.26100.8972 (WinBuild.160101.0800)","Microsoft Corporation","Microsoft® Windows® Operating System"
"20728","dbghelp.dll","C:\Windows\SYSTEM32\dbghelp.dll","0x7FFF060E0000","2367488","Windows Image Helper","10.0.26100.8328 (WinBuild.160101.0800)","Microsoft Corporation","Microsoft® Windows® Operating System"
"20728","msvcp_win.dll","C:\Windows\System32\msvcp_win.dll","0x7FFF09290000","667648","Microsoft® C Runtime Library","10.0.26100.8875 (WinBuild.160101.0800)","Microsoft Corporation","Microsoft® Windows® Operating System"
"20728","ffmpeg.dll","C:\Users\22983\AppData\Local\Qingfeng\HeyboxChat\1.56.0\ffmpeg.dll","0x7FFE1E1D0000","3854336",,,,
"20728","ucrtbase.dll","C:\Windows\System32\ucrtbase.dll","0x7FFF096F0000","1359872","Microsoft® C Runtime Library","10.0.26100.8875 (WinBuild.160101.0800)","Microsoft Corporation","Microsoft® Windows® Operating System"
"20728","combase.dll","C:\Windows\System32\combase.dll","0x7FFF09FA0000","3690496","用于 Windows 的 Microsoft COM","10.0.26100.8875 (WinBuild.160101.0800)","Microsoft Corporation","Microsoft® Windows® Operating System"
"20728","RPCRT4.dll","C:\Windows\System32\RPCRT4.dll","0x7FFF0B2E0000","1146880","远程过程调用运行时","10.0.26100.8875 (WinBuild.160101.0800)","Microsoft Corporation","Microsoft® Windows® Operating System"
"20728","WS2_32.dll","C:\Windows\System32\WS2_32.dll","0x7FFF0B840000","532480","Windows Socket 2.0 32 位 DLL","10.0.26100.8875 (WinBuild.160101.0800)","Microsoft Corporation","Microsoft® Windows® Operating System"
"20728","WINMM.dll","C:\Windows\SYSTEM32\WINMM.dll","0x7FFEF8C70000","221184","MCI API DLL","10.0.26100.8875 (WinBuild.160101.0800)","Microsoft Corporation","Microsoft® Windows® Operating System"
"20728","CRYPT32.dll","C:\Windows\System32\CRYPT32.dll","0x7FFF09370000","1564672","加密 API32","10.0.26100.8875 (WinBuild.160101.0800)","Microsoft Corporation","Microsoft® Windows® Operating System"
"20728","WINTRUST.dll","C:\Windows\System32\WINTRUST.dll","0x7FFF09200000","536576","Microsoft Trust Verification APIs","10.0.26100.8972 (WinBuild.160101.0800)","Microsoft Corporation","Microsoft® Windows® Operating System"
"20728","msvcrt.dll","C:\Windows\System32\msvcrt.dll","0x7FFF0B4D0000","692224","Windows NT CRT DLL","7.0.26100.8875 (WinBuild.160101.0800)","Microsoft Corporation","Microsoft® Windows® Operating System"
"20728","IPHLPAPI.DLL","C:\Windows\SYSTEM32\IPHLPAPI.DLL","0x7FFF07300000","208896","IP 帮助程序 API","10.0.26100.8875 (WinBuild.160101.0800)","Microsoft Corporation","Microsoft® Windows® Operating System"
"20728","USERENV.dll","C:\Windows\SYSTEM32\USERENV.dll","0x7FFF08020000","204800","Userenv","10.0.26100.8875 (WinBuild.160101.0800)","Microsoft Corporation","Microsoft® Windows® Operating System"
"20728","VERSION.dll","C:\Windows\SYSTEM32\VERSION.dll","0x7FFF022C0000","45056","Version Checking and File Installation Libraries","10.0.26100.1150 (WinBuild.160101.0800)","Microsoft Corporation","Microsoft® Windows® Operating System"
"20728","DWrite.dll","C:\Windows\SYSTEM32\DWrite.dll","0x7FFF05D20000","2519040","Microsoft DirectX 版式服务","10.0.26100.8875 (WinBuild.160101.0800)","Microsoft Corporation","Microsoft® Windows® Operating System"
"20728","WINSPOOL.DRV","C:\Windows\SYSTEM32\WINSPOOL.DRV","0x7FFEE3690000","716800","Windows 后台处理程序驱动程序","10.0.26100.8875 (WinBuild.160101.0800)","Microsoft Corporation","Microsoft® Windows® Operating System"
"20728","Secur32.dll","C:\Windows\SYSTEM32\Secur32.dll","0x7FFF07700000","53248","Security Support Provider Interface","10.0.26100.7705 (WinBuild.160101.0800)","Microsoft Corporation","Microsoft® Windows® Operating System"
"20728","WINHTTP.dll","C:\Windows\SYSTEM32\WINHTTP.dll","0x7FFF020D0000","1212416","Windows HTTP 服务","10.0.26100.8875 (WinBuild.160101.0800)","Microsoft Corporation","Microsoft® Windows® Operating System"
"20728","dhcpcsvc.DLL","C:\Windows\SYSTEM32\dhcpcsvc.DLL","0x7FFF01F30000","151552","DHCP 客户端服务","10.0.26100.8875 (WinBuild.160101.0800)","Microsoft Corporation","Microsoft® Windows® Operating System"
"20728","shcore.dll","C:\Windows\System32\shcore.dll","0x7FFF09C20000","1019904","SHCORE","10.0.26100.8875 (WinBuild.160101.0800)","Microsoft Corporation","Microsoft® Windows® Operating System"
"20728","sechost.dll","C:\Windows\System32\sechost.dll","0x7FFF09A20000","696320","Host for SCM/SDDL/LSA Lookup APIs","10.0.26100.1 (WinBuild.160101.0800)","Microsoft Corporation","Microsoft® Windows® Operating System"
"20728","cfgmgr32.dll","C:\Windows\SYSTEM32\cfgmgr32.dll","0x7FFF08900000","335872","Configuration Manager DLL","10.0.26100.8972 (WinBuild.160101.0800)","Microsoft Corporation","Microsoft® Windows® Operating System"
"20728","dbgcore.DLL","C:\Windows\SYSTEM32\dbgcore.DLL","0x7FFEE5800000","241664","Windows Core Debugging Helpers","10.0.26100.8972 (WinBuild.160101.0800)","Microsoft Corporation","Microsoft® Windows® Operating System"
"20728","DPAPI.DLL","C:\Windows\SYSTEM32\DPAPI.DLL","0x7FFF08980000","40960","Data Protection API","10.0.26100.8521 (WinBuild.160101.0800)","Microsoft Corporation","Microsoft® Windows® Operating System"
"20728","SSPICLI.DLL","C:\Windows\SYSTEM32\SSPICLI.DLL","0x7FFF07C90000","299008","Security Support Provider Interface","10.0.26100.8972 (WinBuild.160101.0800)","Microsoft Corporation","Microsoft® Windows® Operating System"
"20728","MSASN1.dll","C:\Windows\SYSTEM32\MSASN1.dll","0x7FFF08400000","77824","ASN.1 Runtime APIs","10.0.26100.8875 (WinBuild.160101.0800)","Microsoft Corporation","Microsoft® Windows® Operating System"
"20728","bcryptPrimitives.dll","C:\Windows\System32\bcryptPrimitives.dll","0x7FFF09630000","704512","Windows Cryptographic Primitives Library","10.0.26100.9168 (WinBuild.160101.0800)","Microsoft Corporation","Microsoft® Windows® Operating System"
"20728","powrprof.dll","C:\Windows\SYSTEM32\powrprof.dll","0x7FFF089D0000","385024","电源配置文件帮助程序 DLL","10.0.26100.8875 (WinBuild.160101.0800)","Microsoft Corporation","Microsoft® Windows® Operating System"
"20728","UMPDC.dll","C:\Windows\SYSTEM32\UMPDC.dll","0x7FFF089B0000","86016","User Mode Power Dependency Coordinator","10.0.26100.8972 (WinBuild.160101.0800)","Microsoft Corporation","Microsoft® Windows® Operating System"
"20728","USER32.dll","C:\Windows\System32\USER32.dll","0x7FFF09850000","1859584","多用户 Windows 用户 API 客户端 DLL","10.0.26100.8875 (WinBuild.160101.0800)","Microsoft Corporation","Microsoft® Windows® Operating System"
"20728","win32u.dll","C:\Windows\System32\win32u.dll","0x7FFF09340000","159744","Win32u","10.0.26100.9168 (WinBuild.160101.0800)","Microsoft Corporation","Microsoft® Windows® Operating System"
"20728","GDI32.dll","C:\Windows\System32\GDI32.dll","0x7FFF0B1E0000","176128","GDI Client DLL","10.0.26100.8328 (WinBuild.160101.0800)","Microsoft Corporation","Microsoft® Windows® Operating System"
"20728","gdi32full.dll","C:\Windows\System32\gdi32full.dll","0x7FFF09500000","1216512","GDI Client DLL","10.0.26100.9168 (WinBuild.160101.0800)","Microsoft Corporation","Microsoft® Windows® Operating System"
"20728","IMM32.DLL","C:\Windows\System32\IMM32.DLL","0x7FFF0A510000","204800","Multi-User Windows IMM32 API Client DLL","10.0.26100.8521 (WinBuild.160101.0800)","Microsoft Corporation","Microsoft® Windows® Operating System"
"20728","uxtheme.dll","C:\Windows\system32\uxtheme.dll","0x7FFF04E80000","688128","Microsoft UxTheme 库","10.0.26100.8875 (WinBuild.160101.0800)","Microsoft Corporation","Microsoft® Windows® Operating System"
"20728","mswsock.dll","C:\Windows\system32\mswsock.dll","0x7FFF07F70000","442368","Microsoft Windows Sockets 2.0 服务提供程序","10.0.26100.8875 (WinBuild.160101.0800)","Microsoft Corporation","Microsoft® Windows® Operating System"
"20728","SHELL32.dll","C:\Windows\System32\SHELL32.dll","0x7FFF0A5A0000","7897088","Windows Shell 公用 DLL","10.0.26100.8972 (WinBuild.160101.0800)","Microsoft Corporation","Microsoft® Windows® Operating System"
"20728","ADVAPI32.dll","C:\Windows\System32\ADVAPI32.dll","0x7FFF0B400000","770048","高级 Windows 32 基本 API","10.0.26100.8875 (WinBuild.160101.0800)","Microsoft Corporation","Microsoft® Windows® Operating System"
"20728","ntmarta.dll","C:\Windows\SYSTEM32\ntmarta.dll","0x7FFF07B10000","221184","Windows NT MARTA 提供程序","10.0.26100.8875 (WinBuild.160101.0800)","Microsoft Corporation","Microsoft® Windows® Operating System"
"20728","ole32.dll","C:\Windows\System32\ole32.dll","0x7FFF0B940000","1675264","用于 Windows 的 Microsoft OLE","10.0.26100.8875 (WinBuild.160101.0800)","Microsoft Corporation","Microsoft® Windows® Operating System"
"20728","kernel.appcore.dll","C:\Windows\SYSTEM32\kernel.appcore.dll","0x7FFF079E0000","110592","AppModel API Host","10.0.26100.8737 (WinBuild.160101.0800)","Microsoft Corporation","Microsoft® Windows® Operating System"
"20728","clbcatq.dll","C:\Windows\System32\clbcatq.dll","0x7FFF09B60000","712704","COM+ Configuration Catalog","2001.12.10941.16384 (WinBuild.160101.0800)","Microsoft Corporation","Microsoft® Windows® Operating System"
"20728","MMDevApi.dll","C:\Windows\System32\MMDevApi.dll","0x7FFEF7B20000","679936","MMDevice API","10.0.26100.8875 (WinBuild.160101.0800)","Microsoft Corporation","Microsoft® Windows® Operating System"
"20728","DEVOBJ.dll","C:\Windows\System32\DEVOBJ.dll","0x7FFF088C0000","192512","Device Information Set DLL","10.0.26100.8972 (WinBuild.160101.0800)","Microsoft Corporation","Microsoft® Windows® Operating System"
"20728","AUDIOSES.DLL","C:\Windows\SYSTEM32\AUDIOSES.DLL","0x7FFEC6560000","1798144","音频会话","10.0.26100.8875 (WinBuild.160101.0800)","Microsoft Corporation","Microsoft® Windows® Operating System"
"20728","resourcepolicyclient.dll","C:\Windows\SYSTEM32\resourcepolicyclient.dll","0x7FFF05300000","81920","Resource Policy Client","10.0.26100.8115 (WinBuild.160101.0800)","Microsoft Corporation","Microsoft® Windows® Operating System"
"20728","avrt.dll","C:\Windows\system32\avrt.dll","0x7FFF06700000","45056","多媒体实时运行时","10.0.26100.8875 (WinBuild.160101.0800)","Microsoft Corporation","Microsoft® Windows® Operating System"
"20728","Windows.UI.dll","C:\Windows\System32\Windows.UI.dll","0x7FFEE3430000","1413120","Windows Runtime UI Foundation DLL","10.0.26100.7840 (WinBuild.160101.0800)","Microsoft Corporation","Microsoft® Windows® Operating System"
"24960","HeyboxChat.exe","C:\Users\22983\AppData\Local\Qingfeng\HeyboxChat\1.56.0\HeyboxChat.exe","0x7FF6153D0000","192745472","HeyboxChat","1.31.0","heybox","HeyboxChat"
"24960","ntdll.dll","C:\Windows\SYSTEM32\ntdll.dll","0x7FFF0BB20000","2514944","NT 层 DLL","10.0.26100.8972 (WinBuild.160101.0800)","Microsoft Corporation","Microsoft® Windows® Operating System"
"24960","KERNEL32.DLL","C:\Windows\System32\KERNEL32.DLL","0x7FFF0B210000","823296","Windows NT 基本 API 客户端 DLL","10.0.26100.8972 (WinBuild.160101.0800)","Microsoft Corporation","Microsoft® Windows® Operating System"
"24960","KERNELBASE.dll","C:\Windows\System32\KERNELBASE.dll","0x7FFF08D30000","4190208","Windows NT 基本 API 客户端 DLL","10.0.26100.8972 (WinBuild.160101.0800)","Microsoft Corporation","Microsoft® Windows® Operating System"
"24960","OLEAUT32.dll","C:\Windows\System32\OLEAUT32.dll","0x7FFF09E90000","888832","OLEAUT32.DLL","10.0.26100.8972 (WinBuild.160101.0800)","Microsoft Corporation","Microsoft® Windows® Operating System"
"24960","msvcp_win.dll","C:\Windows\System32\msvcp_win.dll","0x7FFF09290000","667648","Microsoft® C Runtime Library","10.0.26100.8875 (WinBuild.160101.0800)","Microsoft Corporation","Microsoft® Windows® Operating System"
"24960","dbghelp.dll","C:\Windows\SYSTEM32\dbghelp.dll","0x7FFF060E0000","2367488","Windows Image Helper","10.0.26100.8328 (WinBuild.160101.0800)","Microsoft Corporation","Microsoft® Windows® Operating System"
"24960","ucrtbase.dll","C:\Windows\System32\ucrtbase.dll","0x7FFF096F0000","1359872","Microsoft® C Runtime Library","10.0.26100.8875 (WinBuild.160101.0800)","Microsoft Corporation","Microsoft® Windows® Operating System"
"24960","combase.dll","C:\Windows\System32\combase.dll","0x7FFF09FA0000","3690496","用于 Windows 的 Microsoft COM","10.0.26100.8875 (WinBuild.160101.0800)","Microsoft Corporation","Microsoft® Windows® Operating System"
"24960","RPCRT4.dll","C:\Windows\System32\RPCRT4.dll","0x7FFF0B2E0000","1146880","远程过程调用运行时","10.0.26100.8875 (WinBuild.160101.0800)","Microsoft Corporation","Microsoft® Windows® Operating System"
"24960","ffmpeg.dll","C:\Users\22983\AppData\Local\Qingfeng\HeyboxChat\1.56.0\ffmpeg.dll","0x7FFE1E1D0000","3854336",,,,
"24960","WS2_32.dll","C:\Windows\System32\WS2_32.dll","0x7FFF0B840000","532480","Windows Socket 2.0 32 位 DLL","10.0.26100.8875 (WinBuild.160101.0800)","Microsoft Corporation","Microsoft® Windows® Operating System"
"24960","CRYPT32.dll","C:\Windows\System32\CRYPT32.dll","0x7FFF09370000","1564672","加密 API32","10.0.26100.8875 (WinBuild.160101.0800)","Microsoft Corporation","Microsoft® Windows® Operating System"
"24960","WINMM.dll","C:\Windows\SYSTEM32\WINMM.dll","0x7FFEF8C70000","221184","MCI API DLL","10.0.26100.8875 (WinBuild.160101.0800)","Microsoft Corporation","Microsoft® Windows® Operating System"
"24960","WINTRUST.dll","C:\Windows\System32\WINTRUST.dll","0x7FFF09200000","536576","Microsoft Trust Verification APIs","10.0.26100.8972 (WinBuild.160101.0800)","Microsoft Corporation","Microsoft® Windows® Operating System"
"24960","msvcrt.dll","C:\Windows\System32\msvcrt.dll","0x7FFF0B4D0000","692224","Windows NT CRT DLL","7.0.26100.8875 (WinBuild.160101.0800)","Microsoft Corporation","Microsoft® Windows® Operating System"
"24960","IPHLPAPI.DLL","C:\Windows\SYSTEM32\IPHLPAPI.DLL","0x7FFF07300000","208896","IP 帮助程序 API","10.0.26100.8875 (WinBuild.160101.0800)","Microsoft Corporation","Microsoft® Windows® Operating System"
"24960","VERSION.dll","C:\Windows\SYSTEM32\VERSION.dll","0x7FFF022C0000","45056","Version Checking and File Installation Libraries","10.0.26100.1150 (WinBuild.160101.0800)","Microsoft Corporation","Microsoft® Windows® Operating System"
"24960","USERENV.dll","C:\Windows\SYSTEM32\USERENV.dll","0x7FFF08020000","204800","Userenv","10.0.26100.8875 (WinBuild.160101.0800)","Microsoft Corporation","Microsoft® Windows® Operating System"
"24960","DWrite.dll","C:\Windows\SYSTEM32\DWrite.dll","0x7FFF05D20000","2519040","Microsoft DirectX 版式服务","10.0.26100.8875 (WinBuild.160101.0800)","Microsoft Corporation","Microsoft® Windows® Operating System"
"24960","WINSPOOL.DRV","C:\Windows\SYSTEM32\WINSPOOL.DRV","0x7FFEE3690000","716800","Windows 后台处理程序驱动程序","10.0.26100.8875 (WinBuild.160101.0800)","Microsoft Corporation","Microsoft® Windows® Operating System"
"24960","WINHTTP.dll","C:\Windows\SYSTEM32\WINHTTP.dll","0x7FFF020D0000","1212416","Windows HTTP 服务","10.0.26100.8875 (WinBuild.160101.0800)","Microsoft Corporation","Microsoft® Windows® Operating System"
"24960","Secur32.dll","C:\Windows\SYSTEM32\Secur32.dll","0x7FFF07700000","53248","Security Support Provider Interface","10.0.26100.7705 (WinBuild.160101.0800)","Microsoft Corporation","Microsoft® Windows® Operating System"
"24960","shcore.dll","C:\Windows\System32\shcore.dll","0x7FFF09C20000","1019904","SHCORE","10.0.26100.8875 (WinBuild.160101.0800)","Microsoft Corporation","Microsoft® Windows® Operating System"
"24960","dhcpcsvc.DLL","C:\Windows\SYSTEM32\dhcpcsvc.DLL","0x7FFF01F30000","151552","DHCP 客户端服务","10.0.26100.8875 (WinBuild.160101.0800)","Microsoft Corporation","Microsoft® Windows® Operating System"
"24960","sechost.dll","C:\Windows\System32\sechost.dll","0x7FFF09A20000","696320","Host for SCM/SDDL/LSA Lookup APIs","10.0.26100.1 (WinBuild.160101.0800)","Microsoft Corporation","Microsoft® Windows® Operating System"
"24960","cfgmgr32.dll","C:\Windows\SYSTEM32\cfgmgr32.dll","0x7FFF08900000","335872","Configuration Manager DLL","10.0.26100.8972 (WinBuild.160101.0800)","Microsoft Corporation","Microsoft® Windows® Operating System"
"24960","dbgcore.DLL","C:\Windows\SYSTEM32\dbgcore.DLL","0x7FFEE5800000","241664","Windows Core Debugging Helpers","10.0.26100.8972 (WinBuild.160101.0800)","Microsoft Corporation","Microsoft® Windows® Operating System"
"24960","DPAPI.DLL","C:\Windows\SYSTEM32\DPAPI.DLL","0x7FFF08980000","40960","Data Protection API","10.0.26100.8521 (WinBuild.160101.0800)","Microsoft Corporation","Microsoft® Windows® Operating System"
"24960","SSPICLI.DLL","C:\Windows\SYSTEM32\SSPICLI.DLL","0x7FFF07C90000","299008","Security Support Provider Interface","10.0.26100.8972 (WinBuild.160101.0800)","Microsoft Corporation","Microsoft® Windows® Operating System"
"24960","MSASN1.dll","C:\Windows\SYSTEM32\MSASN1.dll","0x7FFF08400000","77824","ASN.1 Runtime APIs","10.0.26100.8875 (WinBuild.160101.0800)","Microsoft Corporation","Microsoft® Windows® Operating System"
"24960","bcryptPrimitives.dll","C:\Windows\System32\bcryptPrimitives.dll","0x7FFF09630000","704512","Windows Cryptographic Primitives Library","10.0.26100.9168 (WinBuild.160101.0800)","Microsoft Corporation","Microsoft® Windows® Operating System"
"24960","powrprof.dll","C:\Windows\SYSTEM32\powrprof.dll","0x7FFF089D0000","385024","电源配置文件帮助程序 DLL","10.0.26100.8875 (WinBuild.160101.0800)","Microsoft Corporation","Microsoft® Windows® Operating System"
"24960","UMPDC.dll","C:\Windows\SYSTEM32\UMPDC.dll","0x7FFF089B0000","86016","User Mode Power Dependency Coordinator","10.0.26100.8972 (WinBuild.160101.0800)","Microsoft Corporation","Microsoft® Windows® Operating System"
"24960","USER32.dll","C:\Windows\System32\USER32.dll","0x7FFF09850000","1859584","多用户 Windows 用户 API 客户端 DLL","10.0.26100.8875 (WinBuild.160101.0800)","Microsoft Corporation","Microsoft® Windows® Operating System"
"24960","win32u.dll","C:\Windows\System32\win32u.dll","0x7FFF09340000","159744","Win32u","10.0.26100.9168 (WinBuild.160101.0800)","Microsoft Corporation","Microsoft® Windows® Operating System"
"24960","GDI32.dll","C:\Windows\System32\GDI32.dll","0x7FFF0B1E0000","176128","GDI Client DLL","10.0.26100.8328 (WinBuild.160101.0800)","Microsoft Corporation","Microsoft® Windows® Operating System"
"24960","gdi32full.dll","C:\Windows\System32\gdi32full.dll","0x7FFF09500000","1216512","GDI Client DLL","10.0.26100.9168 (WinBuild.160101.0800)","Microsoft Corporation","Microsoft® Windows® Operating System"
"24960","IMM32.DLL","C:\Windows\System32\IMM32.DLL","0x7FFF0A510000","204800","Multi-User Windows IMM32 API Client DLL","10.0.26100.8521 (WinBuild.160101.0800)","Microsoft Corporation","Microsoft® Windows® Operating System"
"24960","uxtheme.dll","C:\Windows\system32\uxtheme.dll","0x7FFF04E80000","688128","Microsoft UxTheme 库","10.0.26100.8875 (WinBuild.160101.0800)","Microsoft Corporation","Microsoft® Windows® Operating System"
"24960","mswsock.dll","C:\Windows\system32\mswsock.dll","0x7FFF07F70000","442368","Microsoft Windows Sockets 2.0 服务提供程序","10.0.26100.8875 (WinBuild.160101.0800)","Microsoft Corporation","Microsoft® Windows® Operating System"
"24960","SHELL32.dll","C:\Windows\System32\SHELL32.dll","0x7FFF0A5A0000","7897088","Windows Shell 公用 DLL","10.0.26100.8972 (WinBuild.160101.0800)","Microsoft Corporation","Microsoft® Windows® Operating System"
"24960","ADVAPI32.dll","C:\Windows\System32\ADVAPI32.dll","0x7FFF0B400000","770048","高级 Windows 32 基本 API","10.0.26100.8875 (WinBuild.160101.0800)","Microsoft Corporation","Microsoft® Windows® Operating System"
"24960","ntmarta.dll","C:\Windows\SYSTEM32\ntmarta.dll","0x7FFF07B10000","221184","Windows NT MARTA 提供程序","10.0.26100.8875 (WinBuild.160101.0800)","Microsoft Corporation","Microsoft® Windows® Operating System"
"24960","kernel.appcore.dll","C:\Windows\SYSTEM32\kernel.appcore.dll","0x7FFF079E0000","110592","AppModel API Host","10.0.26100.8737 (WinBuild.160101.0800)","Microsoft Corporation","Microsoft® Windows® Operating System"
"24960","MSCTF.dll","C:\Windows\System32\MSCTF.dll","0x7FFF0B5B0000","1429504","MSCTF 服务器 DLL","10.0.26100.8875 (WinBuild.160101.0800)","Microsoft Corporation","Microsoft® Windows® Operating System"
"24960","ole32.dll","C:\Windows\System32\ole32.dll","0x7FFF0B940000","1675264","用于 Windows 的 Microsoft OLE","10.0.26100.8875 (WinBuild.160101.0800)","Microsoft Corporation","Microsoft® Windows® Operating System"
"24960","windows.storage.dll","C:\Windows\SYSTEM32\windows.storage.dll","0x7FFF06730000","9023488","Microsoft WinRT Storage API","10.0.26100.8972 (WinBuild.160101.0800)","Microsoft Corporation","Microsoft® Windows® Operating System"
"24960","shlwapi.dll","C:\Windows\System32\shlwapi.dll","0x7FFF0B8D0000","417792","外壳简易实用工具库","10.0.26100.8875 (WinBuild.160101.0800)","Microsoft Corporation","Microsoft® Windows® Operating System"
"24960","reg_helper.node","C:\Users\22983\AppData\Local\Qingfeng\HeyboxChat\1.56.0\resources\app.asar.unpacked\addon\reg_helper.node","0x7FFEE76C0000","516096",,,,
"24960","napinsp.dll","C:\Windows\system32\napinsp.dll","0x7FFECED70000","98304","电子邮件命名填充提供程序","10.0.26100.8875 (WinBuild.160101.0800)","Microsoft Corporation","Microsoft® Windows® Operating System"
"24960","DNSAPI.dll","C:\Windows\SYSTEM32\DNSAPI.dll","0x7FFF07390000","1409024","DNS 客户端 API DLL","10.0.26100.8972 (WinBuild.160101.0800)","Microsoft Corporation","Microsoft® Windows® Operating System"
"24960","DSPARSE.dll","C:\Windows\SYSTEM32\DSPARSE.dll","0x7FFF07D70000","53248","Active Directory Domain Services API","10.0.26100.1 (WinBuild.160101.0800)","Microsoft Corporation","Microsoft® Windows® Operating System"
"24960","NSI.dll","C:\Windows\System32\NSI.dll","0x7FFF09D20000","40960","NSI User-mode interface DLL","10.0.26100.8875 (WinBuild.160101.0800)","Microsoft Corporation","Microsoft® Windows® Operating System"
"24960","winrnr.dll","C:\Windows\System32\winrnr.dll","0x7FFECBC40000","77824","LDAP RnR Provider DLL","10.0.26100.8737 (WinBuild.160101.0800)","Microsoft Corporation","Microsoft® Windows® Operating System"
"24960","nlansp_c.dll","C:\Windows\system32\nlansp_c.dll","0x7FFECBBE0000","139264","NLA Namespace Service Provider DLL","10.0.26100.8972 (WinBuild.160101.0800)","Microsoft Corporation","Microsoft® Windows® Operating System"
"24960","wshbth.dll","C:\Windows\system32\wshbth.dll","0x7FFEC4C90000","90112","Windows Sockets Helper DLL","10.0.26100.8875 (WinBuild.160101.0800)","Microsoft Corporation","Microsoft® Windows® Operating System"
"24960","COMCTL32.dll","C:\Windows\WinSxS\amd64_microsoft.windows.common-controls_6595b64144ccf1df_6.0.26100.8972_none_3e0da176e32f9d4b\COMCTL32.dll","0x7FFEF9250000","2691072","公用控件库","5.82 (WinBuild.160101.0800)","Microsoft Corporation","Microsoft® Windows® Operating System"
"24960","CRYPTBASE.dll","C:\Windows\SYSTEM32\CRYPTBASE.dll","0x7FFF081D0000","49152","Base cryptographic API DLL","10.0.26100.8875 (WinBuild.160101.0800)","Microsoft Corporation","Microsoft® Windows® Operating System"
"24960","dhcpcsvc6.DLL","C:\Windows\SYSTEM32\dhcpcsvc6.DLL","0x7FFF02230000","118784","DHCPv6 客户端","10.0.26100.8875 (WinBuild.160101.0800)","Microsoft Corporation","Microsoft® Windows® Operating System"
"24960","clbcatq.dll","C:\Windows\System32\clbcatq.dll","0x7FFF09B60000","712704","COM+ Configuration Catalog","2001.12.10941.16384 (WinBuild.160101.0800)","Microsoft Corporation","Microsoft® Windows® Operating System"
"24960","SogouTSF.ime","C:\Windows\system32\SogouTSF.ime","0x7FFE6CFA0000","5500928","搜狗输入法","16.6.0.4385","Sogou.com","搜狗输入法"
"24960","PSAPI.DLL","C:\Windows\System32\PSAPI.DLL","0x7FFF0B580000","32768","Process Status Helper","10.0.26100.8521 (WinBuild.160101.0800)","Microsoft Corporation","Microsoft® Windows® Operating System"
"24960","bcrypt.dll","C:\Windows\system32\bcrypt.dll","0x7FFF08C20000","172032","Windows 加密基元库","10.0.26100.8875 (WinBuild.160101.0800)","Microsoft Corporation","Microsoft® Windows® Operating System"
"24960","MSIMG32.dll","C:\Windows\system32\MSIMG32.dll","0x7FFEED550000","32768","GDIEXT Client DLL","10.0.26100.8972 (WinBuild.160101.0800)","Microsoft Corporation","Microsoft® Windows® Operating System"
"24960","textinputframework.dll","C:\Windows\SYSTEM32\textinputframework.dll","0x7FFEDA500000","1335296","""TextInputFramework.DYNLINK""","10.0.26100.8972 (WinBuild.160101.0800)","Microsoft Corporation","Microsoft® Windows® Operating System"
"24960","SogouPY.ime","C:\Windows\system32\SogouPY.ime","0x7FFE6B450000","28631040","搜狗输入法","16.6.0.4385","Sogou.com","搜狗输入法"
"24960","imagehlp.dll","C:\Windows\System32\imagehlp.dll","0x7FFF09F70000","131072","Windows NT Image Helper","10.0.26100.4202 (WinBuild.160101.0800)","Microsoft Corporation","Microsoft® Windows® Operating System"
"24960","OLEACC.dll","C:\Windows\SYSTEM32\OLEACC.dll","0x7FFEE3750000","479232","Active Accessibility Core Component","7.2.26100.8972 (WinBuild.160101.0800)","Microsoft Corporation","Microsoft® Windows® Operating System"
"24960","profapi.dll","C:\Windows\SYSTEM32\profapi.dll","0x7FFF08C50000","167936","User Profile Basic API","10.0.26100.9168 (WinBuild.160101.0800)","Microsoft Corporation","Microsoft® Windows® Operating System"
"24960","Resource.dll","C:\Program Files (x86)\SogouInput\16.6.0.4385\Resource.dll","0x10000000","4857856","搜狗输入法 资源","16.6.0.4385","Sogou.com","搜狗输入法"
"24960","ichat_bundle64.dll","C:\Program Files (x86)\SogouInput\Components\IChat\1.0.2.3232\ichat_bundle64.dll","0x7FFE7AC30000","2965504","搜狗输入法 AI汪仔","1.0.2.3232","Sogou.com Inc.","搜狗输入法"
"24960","PROPSYS.dll","C:\Windows\SYSTEM32\PROPSYS.dll","0x7FFF03850000","999424","Microsoft 属性系统","7.0.26100.8972 (WinBuild.160101.0800)","Microsoft Corporation","Windows® Search"
"24960","dwmapi.dll","C:\Windows\SYSTEM32\dwmapi.dll","0x7FFF04FA0000","192512","Microsoft 桌面窗口管理器 API","10.0.26100.8875 (WinBuild.160101.0800)","Microsoft Corporation","Microsoft® Windows® Operating System"
"24960","d2d1.dll","C:\Windows\SYSTEM32\d2d1.dll","0x7FFF056E0000","6529024","Microsoft D2D 库","10.0.26100.8875 (WinBuild.160101.0800)","Microsoft Corporation","Microsoft® Windows® Operating System"
"24960","isgpet_bundle64.dll","C:\Program Files (x86)\SogouInput\Components\isgpet\1.0.2.3152\isgpet_bundle64.dll","0x7FFEC3600000","679936",,,,
"24960","PicFace64.dll","C:\Program Files (x86)\SogouInput\Components\PicFace\1.1.0.3184\PicFace64.dll","0x7FFE6AF90000","4927488","输入法 图片表情","1.1.0.3184","Sogou.com","输入法"
"24960","COMDLG32.dll","C:\Windows\System32\COMDLG32.dll","0x7FFF09D90000","1003520","Common Dialogs DLL","10.0.26100.8875 (WinBuild.160101.0800)","Microsoft Corporation","Microsoft® Windows® Operating System"
"24960","systembeautify_bundle64.dll","C:\Program Files (x86)\SogouInput\Components\systembeautify\1.0.2.2868\systembeautify_bundle64.dll","0x7FFE6AB20000","524288",,,,
"24960","TextShaping.dll","C:\Windows\SYSTEM32\TextShaping.dll","0x7FFEDADA0000","745472","Microsoft Text Shaping Library","10.0.26100.8972 (WinBuild.160101.0800)","Microsoft Corporation","Microsoft® Windows® Operating System"
"24960","Windows.UI.dll","C:\Windows\System32\Windows.UI.dll","0x7FFEE3430000","1413120","Windows Runtime UI Foundation DLL","10.0.26100.7840 (WinBuild.160101.0800)","Microsoft Corporation","Microsoft® Windows® Operating System"
"24960","WTSAPI32.dll","C:\Windows\SYSTEM32\WTSAPI32.dll","0x7FFF04E20000","167936","Windows Remote Desktop Session Host Server SDK APIs","10.0.26100.8972 (WinBuild.160101.0800)","Microsoft Corporation","Microsoft® Windows® Operating System"
"24960","mscms.dll","C:\Windows\SYSTEM32\mscms.dll","0x7FFEEDC50000","782336","Microsoft 颜色匹配系统 DLL","10.0.26100.8875 (WinBuild.160101.0800)","Microsoft Corporation","Microsoft® Windows® Operating System"
"24960","WINSTA.dll","C:\Windows\SYSTEM32\WINSTA.dll","0x7FFF08640000","401408","Winstation Library","10.0.26100.8972 (WinBuild.160101.0800)","Microsoft Corporation","Microsoft® Windows® Operating System"
"24960","MMDevApi.dll","C:\Windows\System32\MMDevApi.dll","0x7FFEF7B20000","679936","MMDevice API","10.0.26100.8875 (WinBuild.160101.0800)","Microsoft Corporation","Microsoft® Windows® Operating System"
"24960","DEVOBJ.dll","C:\Windows\System32\DEVOBJ.dll","0x7FFF088C0000","192512","Device Information Set DLL","10.0.26100.8972 (WinBuild.160101.0800)","Microsoft Corporation","Microsoft® Windows® Operating System"
"24960","MsSpellCheckingFacility.dll","C:\Windows\System32\MsSpellCheckingFacility.dll","0x7FFE7E080000","1376256","Microsoft 拼写检查工具","10.0.26100.8875 (WinBuild.160101.0800)","Microsoft Corporation","Microsoft® Windows® Operating System"
"24960","OneCoreUAPCommonProxyStub.dll","C:\Windows\System32\OneCoreUAPCommonProxyStub.dll","0x7FFF00800000","6688768","OneCoreUAP Common Proxy Stub","10.0.26100.8972 (WinBuild.160101.0800)","Microsoft Corporation","Microsoft® Windows® Operating System"
"24960","Bcp47Langs.dll","C:\Windows\System32\Bcp47Langs.dll","0x7FFEED8F0000","385024","BCP47 Language Classes","10.0.26100.8972 (WinBuild.160101.0800)","Microsoft Corporation","Microsoft® Windows® Operating System"
"24960","reg_helper.node","C:\Users\22983\AppData\Local\Qingfeng\HeyboxChat\1.56.0\resources\versions\1.56.0\app\addon\reg_helper.node","0x7FFEDF2C0000","516096",,,,
"24960","get_endpoint_info.node","C:\Users\22983\AppData\Local\Qingfeng\HeyboxChat\1.56.0\resources\versions\1.56.0\app\addon\get_endpoint_info.node","0x7FFEDF100000","507904",,,,
"24960","gdiplus.dll","C:\Windows\WinSxS\amd64_microsoft.windows.gdiplus_6595b64144ccf1df_1.1.26100.9168_none_6ef70e683dc39227\gdiplus.dll","0x7FFEE55E0000","1945600","Microsoft GDI+","10.0.26100.9168 (WinBuild.160101.0800)","Microsoft Corporation","Microsoft® Windows® Operating System"
"24960","process_util.node","C:\Users\22983\AppData\Local\Qingfeng\HeyboxChat\1.56.0\resources\versions\1.56.0\app\addon\process_util.node","0x7FFEEC360000","450560",,,,
"24960","InputHost.dll","C:\Windows\System32\InputHost.dll","0x7FFEDA650000","1978368","InputHost","10.0.26100.8972 (WinBuild.160101.0800)","Microsoft Corporation","Microsoft® Windows® Operating System"
"24960","CoreMessaging.dll","C:\Windows\System32\CoreMessaging.dll","0x7FFF048B0000","1224704","Microsoft CoreMessaging Dll","10.0.26100.8972 (WinBuild.160101.0800)","Microsoft Corporation","Microsoft® Windows® Operating System"
"24960","taskschd.dll","C:\Windows\System32\taskschd.dll","0x7FFF03310000","659456","Task Scheduler COM API","10.0.26100.1 (WinBuild.160101.0800)","Microsoft Corporation","Microsoft® Windows® Operating System"
"24960","dataexchange.dll","C:\Windows\system32\dataexchange.dll","0x7FFED1C60000","376832","Data exchange","10.0.26100.8972 (WinBuild.160101.0800)","Microsoft Corporation","Microsoft® Windows® Operating System"
"24960","twinapi.appcore.dll","C:\Windows\system32\twinapi.appcore.dll","0x7FFF00E70000","2424832","twinapi.appcore","10.0.26100.8875 (WinBuild.160101.0800)","Microsoft Corporation","Microsoft® Windows® Operating System"
"24960","Windows.Globalization.dll","C:\Windows\System32\Windows.Globalization.dll","0x7FFEE0F90000","2269184","Windows Globalization","10.0.26100.1 (WinBuild.160101.0800)","Microsoft Corporation","Microsoft® Windows® Operating System"
"24960","wintypes.dll","C:\Windows\System32\wintypes.dll","0x7FFF02B10000","1482752","Windows 基本类型 DLL","10.0.26100.8875 (WinBuild.160101.0800)","Microsoft Corporation","Microsoft® Windows® Operating System"
"24960","twinapi.dll","C:\Windows\system32\twinapi.dll","0x7FFED5F20000","933888","twinapi","10.0.26100.8875 (WinBuild.160101.0800)","Microsoft Corporation","Microsoft® Windows® Operating System"
"24960","msiltcfg.dll","C:\Windows\SYSTEM32\msiltcfg.dll","0x7FFEEB040000","45056","Windows Installer Configuration API Stub","5.0.26100.3624 (WinBuild.160101.0800)","Microsoft Corporation","Windows Installer - Unicode"
"24960","msi.dll","C:\Windows\SYSTEM32\msi.dll","0x7FFEF9AD0000","3452928","Windows Installer","5.0.26100.9168","Microsoft Corporation","Windows Installer - Unicode"
"24960","sxs.dll","C:\Windows\SYSTEM32\sxs.dll","0x7FFF08B50000","663552","Fusion 2.5","10.0.26100.8972 (WinBuild.160101.0800)","Microsoft Corporation","Microsoft® Windows® Operating System"
"24960","CoreUIComponents.dll","C:\Windows\SYSTEM32\CoreUIComponents.dll","0x7FFF02D70000","3031040","Microsoft Core UI Components Dll","10.0.26100.9168","Microsoft Corporation","Microsoft® Windows® Operating System"
"24960","atlthunk.dll","C:\Windows\SYSTEM32\atlthunk.dll","0x7FFED5D10000","53248","atlthunk.dll","10.0.26100.1 (WinBuild.160101.0800)","Microsoft Corporation","Microsoft® Windows® Operating System"
"24960","directmanipulation.dll","C:\Windows\system32\directmanipulation.dll","0x7FFEDA450000","671744","Microsoft Direct Manipulation Component","10.0.26100.8972 (WinBuild.160101.0800)","Microsoft Corporation","Microsoft® Windows® Operating System"
"24960","netprofm.dll","C:\Windows\System32\netprofm.dll","0x7FFF033E0000","446464","网络列表管理器","10.0.26100.8875 (WinBuild.160101.0800)","Microsoft Corporation","Microsoft® Windows® Operating System"
"24960","CRYPTSP.dll","C:\Windows\SYSTEM32\CRYPTSP.dll","0x7FFF08390000","110592","Cryptographic Service Provider API","10.0.26100.8875 (WinBuild.160101.0800)","Microsoft Corporation","Microsoft® Windows® Operating System"
"24960","rsaenh.dll","C:\Windows\system32\rsaenh.dll","0x7FFF07940000","233472","Microsoft Enhanced Cryptographic Provider","10.0.26100.1 (WinBuild.160101.0800)","Microsoft Corporation","Microsoft® Windows® Operating System"
"24960","npmproxy.dll","C:\Windows\System32\npmproxy.dll","0x7FFF012E0000","102400","Network List Manager Proxy","10.0.26100.8328 (WinBuild.160101.0800)","Microsoft Corporation","Microsoft® Windows® Operating System"
"24960","gpapi.dll","C:\Windows\SYSTEM32\gpapi.dll","0x7FFF07FF0000","151552","组策略客户端 API","10.0.26100.8875 (WinBuild.160101.0800)","Microsoft Corporation","Microsoft® Windows® Operating System"
"24960","wtdccm.dll","C:\Windows\SYSTEM32\wtdccm.dll","0x7FFED0D60000","69632",,,,
"24960","cryptnet.dll","C:\Windows\SYSTEM32\cryptnet.dll","0x7FFF01ED0000","241664","Crypto Network Related API","10.0.26100.8972 (WinBuild.160101.0800)","Microsoft Corporation","Microsoft® Windows® Operating System"
"24960","drvstore.dll","C:\Windows\SYSTEM32\drvstore.dll","0x7FFF01C80000","1548288","Driver Store API","10.0.26100.8972 (WinBuild.160101.0800)","Microsoft Corporation","Microsoft® Windows® Operating System"
"24960","wldp.dll","C:\Windows\SYSTEM32\wldp.dll","0x7FFF08290000","434176","Windows 锁定策略","10.0.26100.8875 (WinBuild.160101.0800)","Microsoft Corporation","Microsoft® Windows® Operating System"
"24960","nvapi64.dll","C:\Windows\SYSTEM32\nvapi64.dll","0x7FFEF7110000","561152","NVIDIA NVAPI Loader Dll, Version 616.64 ","32.0.16.1664","NVIDIA Corporation","NVIDIA Windows drivers"
"24960","dxcore.dll","C:\Windows\SYSTEM32\dxcore.dll","0x7FFF05690000","282624","DXCore","10.0.26100.8972 (WinBuild.160101.0800)","Microsoft Corporation","Microsoft® Windows® Operating System"
"24960","nvapi64_impl.dll","C:\Windows\system32\DriverStore\FileRepository\nv_dispi.inf_amd64_436833bbb0f00476\nvapi64_impl.dll","0x7FFEF0650000","5840896","NVIDIA NVAPI Library, Version 616.64 ","32.0.16.1664","NVIDIA Corporation","NVIDIA Windows drivers"
"24960","SETUPAPI.dll","C:\Windows\System32\SETUPAPI.dll","0x7FFF0AD50000","4747264","Windows 安装程序 API","10.0.26100.8875 (WinBuild.160101.0800)","Microsoft Corporation","Microsoft® Windows® Operating System"
"24960","km_event.node","C:\Users\22983\AppData\Local\Qingfeng\HeyboxChat\1.56.0\resources\versions\1.56.0\app\addon\km_event.node","0x7FFEEF250000","221184",,,,
"24960","HID.DLL","C:\Windows\SYSTEM32\HID.DLL","0x7FFF06FD0000","61440","Hid 用户库","10.0.26100.8875 (WinBuild.160101.0800)","Microsoft Corporation","Microsoft® Windows® Operating System"
"24960","heybox-overlay-server.node","C:\Users\22983\AppData\Local\Qingfeng\HeyboxChat\1.56.0\resources\versions\1.56.0\app\addon\heybox-overlay-server.node","0x7FFEDBE00000","892928",,,,
"24960","node.napi.node","C:\Users\22983\AppData\Local\Qingfeng\HeyboxChat\1.56.0\resources\versions\1.56.0\app\node_modules\classic-level\prebuilds\win32-x64\node.napi.node","0x7FFED09B0000","552960",,,,
"28756","HeyboxChat.exe","C:\Users\22983\AppData\Local\Qingfeng\HeyboxChat\1.56.0\HeyboxChat.exe","0x7FF6153D0000","192745472","HeyboxChat","1.31.0","heybox","HeyboxChat"
"28756","ntdll.dll","C:\Windows\SYSTEM32\ntdll.dll","0x7FFF0BB20000","2514944","NT 层 DLL","10.0.26100.8972 (WinBuild.160101.0800)","Microsoft Corporation","Microsoft® Windows® Operating System"
"28756","KERNEL32.DLL","C:\Windows\System32\KERNEL32.DLL","0x7FFF0B210000","823296","Windows NT 基本 API 客户端 DLL","10.0.26100.8972 (WinBuild.160101.0800)","Microsoft Corporation","Microsoft® Windows® Operating System"
"28756","KERNELBASE.dll","C:\Windows\System32\KERNELBASE.dll","0x7FFF08D30000","4190208","Windows NT 基本 API 客户端 DLL","10.0.26100.8972 (WinBuild.160101.0800)","Microsoft Corporation","Microsoft® Windows® Operating System"
"28756","OLEAUT32.dll","C:\Windows\System32\OLEAUT32.dll","0x7FFF09E90000","888832","OLEAUT32.DLL","10.0.26100.8972 (WinBuild.160101.0800)","Microsoft Corporation","Microsoft® Windows® Operating System"
"28756","msvcp_win.dll","C:\Windows\System32\msvcp_win.dll","0x7FFF09290000","667648","Microsoft® C Runtime Library","10.0.26100.8875 (WinBuild.160101.0800)","Microsoft Corporation","Microsoft® Windows® Operating System"
"28756","ffmpeg.dll","C:\Users\22983\AppData\Local\Qingfeng\HeyboxChat\1.56.0\ffmpeg.dll","0x7FFE1E1D0000","3854336",,,,
"28756","dbghelp.dll","C:\Windows\SYSTEM32\dbghelp.dll","0x7FFF060E0000","2367488","Windows Image Helper","10.0.26100.8328 (WinBuild.160101.0800)","Microsoft Corporation","Microsoft® Windows® Operating System"
"28756","ucrtbase.dll","C:\Windows\System32\ucrtbase.dll","0x7FFF096F0000","1359872","Microsoft® C Runtime Library","10.0.26100.8875 (WinBuild.160101.0800)","Microsoft Corporation","Microsoft® Windows® Operating System"
"28756","combase.dll","C:\Windows\System32\combase.dll","0x7FFF09FA0000","3690496","用于 Windows 的 Microsoft COM","10.0.26100.8875 (WinBuild.160101.0800)","Microsoft Corporation","Microsoft® Windows® Operating System"
"28756","RPCRT4.dll","C:\Windows\System32\RPCRT4.dll","0x7FFF0B2E0000","1146880","远程过程调用运行时","10.0.26100.8875 (WinBuild.160101.0800)","Microsoft Corporation","Microsoft® Windows® Operating System"
"28756","WS2_32.dll","C:\Windows\System32\WS2_32.dll","0x7FFF0B840000","532480","Windows Socket 2.0 32 位 DLL","10.0.26100.8875 (WinBuild.160101.0800)","Microsoft Corporation","Microsoft® Windows® Operating System"
"28756","CRYPT32.dll","C:\Windows\System32\CRYPT32.dll","0x7FFF09370000","1564672","加密 API32","10.0.26100.8875 (WinBuild.160101.0800)","Microsoft Corporation","Microsoft® Windows® Operating System"
"28756","WINMM.dll","C:\Windows\SYSTEM32\WINMM.dll","0x7FFEF8C70000","221184","MCI API DLL","10.0.26100.8875 (WinBuild.160101.0800)","Microsoft Corporation","Microsoft® Windows® Operating System"
"28756","WINTRUST.dll","C:\Windows\System32\WINTRUST.dll","0x7FFF09200000","536576","Microsoft Trust Verification APIs","10.0.26100.8972 (WinBuild.160101.0800)","Microsoft Corporation","Microsoft® Windows® Operating System"
"28756","msvcrt.dll","C:\Windows\System32\msvcrt.dll","0x7FFF0B4D0000","692224","Windows NT CRT DLL","7.0.26100.8875 (WinBuild.160101.0800)","Microsoft Corporation","Microsoft® Windows® Operating System"
"28756","IPHLPAPI.DLL","C:\Windows\SYSTEM32\IPHLPAPI.DLL","0x7FFF07300000","208896","IP 帮助程序 API","10.0.26100.8875 (WinBuild.160101.0800)","Microsoft Corporation","Microsoft® Windows® Operating System"
"28756","USERENV.dll","C:\Windows\SYSTEM32\USERENV.dll","0x7FFF08020000","204800","Userenv","10.0.26100.8875 (WinBuild.160101.0800)","Microsoft Corporation","Microsoft® Windows® Operating System"
"28756","DWrite.dll","C:\Windows\SYSTEM32\DWrite.dll","0x7FFF05D20000","2519040","Microsoft DirectX 版式服务","10.0.26100.8875 (WinBuild.160101.0800)","Microsoft Corporation","Microsoft® Windows® Operating System"
"28756","WINSPOOL.DRV","C:\Windows\SYSTEM32\WINSPOOL.DRV","0x7FFEE3690000","716800","Windows 后台处理程序驱动程序","10.0.26100.8875 (WinBuild.160101.0800)","Microsoft Corporation","Microsoft® Windows® Operating System"
"28756","VERSION.dll","C:\Windows\SYSTEM32\VERSION.dll","0x7FFF022C0000","45056","Version Checking and File Installation Libraries","10.0.26100.1150 (WinBuild.160101.0800)","Microsoft Corporation","Microsoft® Windows® Operating System"
"28756","Secur32.dll","C:\Windows\SYSTEM32\Secur32.dll","0x7FFF07700000","53248","Security Support Provider Interface","10.0.26100.7705 (WinBuild.160101.0800)","Microsoft Corporation","Microsoft® Windows® Operating System"
"28756","WINHTTP.dll","C:\Windows\SYSTEM32\WINHTTP.dll","0x7FFF020D0000","1212416","Windows HTTP 服务","10.0.26100.8875 (WinBuild.160101.0800)","Microsoft Corporation","Microsoft® Windows® Operating System"
"28756","shcore.dll","C:\Windows\System32\shcore.dll","0x7FFF09C20000","1019904","SHCORE","10.0.26100.8875 (WinBuild.160101.0800)","Microsoft Corporation","Microsoft® Windows® Operating System"
"28756","dhcpcsvc.DLL","C:\Windows\SYSTEM32\dhcpcsvc.DLL","0x7FFF01F30000","151552","DHCP 客户端服务","10.0.26100.8875 (WinBuild.160101.0800)","Microsoft Corporation","Microsoft® Windows® Operating System"
"28756","sechost.dll","C:\Windows\System32\sechost.dll","0x7FFF09A20000","696320","Host for SCM/SDDL/LSA Lookup APIs","10.0.26100.1 (WinBuild.160101.0800)","Microsoft Corporation","Microsoft® Windows® Operating System"
"28756","dbgcore.DLL","C:\Windows\SYSTEM32\dbgcore.DLL","0x7FFEE5800000","241664","Windows Core Debugging Helpers","10.0.26100.8972 (WinBuild.160101.0800)","Microsoft Corporation","Microsoft® Windows® Operating System"
"28756","cfgmgr32.dll","C:\Windows\SYSTEM32\cfgmgr32.dll","0x7FFF08900000","335872","Configuration Manager DLL","10.0.26100.8972 (WinBuild.160101.0800)","Microsoft Corporation","Microsoft® Windows® Operating System"
"28756","DPAPI.DLL","C:\Windows\SYSTEM32\DPAPI.DLL","0x7FFF08980000","40960","Data Protection API","10.0.26100.8521 (WinBuild.160101.0800)","Microsoft Corporation","Microsoft® Windows® Operating System"
"28756","SSPICLI.DLL","C:\Windows\SYSTEM32\SSPICLI.DLL","0x7FFF07C90000","299008","Security Support Provider Interface","10.0.26100.8972 (WinBuild.160101.0800)","Microsoft Corporation","Microsoft® Windows® Operating System"
"28756","MSASN1.dll","C:\Windows\SYSTEM32\MSASN1.dll","0x7FFF08400000","77824","ASN.1 Runtime APIs","10.0.26100.8875 (WinBuild.160101.0800)","Microsoft Corporation","Microsoft® Windows® Operating System"
"28756","bcryptPrimitives.dll","C:\Windows\System32\bcryptPrimitives.dll","0x7FFF09630000","704512","Windows Cryptographic Primitives Library","10.0.26100.9168 (WinBuild.160101.0800)","Microsoft Corporation","Microsoft® Windows® Operating System"
"28756","powrprof.dll","C:\Windows\SYSTEM32\powrprof.dll","0x7FFF089D0000","385024","电源配置文件帮助程序 DLL","10.0.26100.8875 (WinBuild.160101.0800)","Microsoft Corporation","Microsoft® Windows® Operating System"
"28756","UMPDC.dll","C:\Windows\SYSTEM32\UMPDC.dll","0x7FFF089B0000","86016","User Mode Power Dependency Coordinator","10.0.26100.8972 (WinBuild.160101.0800)","Microsoft Corporation","Microsoft® Windows® Operating System"
"28756","USER32.dll","C:\Windows\System32\USER32.dll","0x7FFF09850000","1859584","多用户 Windows 用户 API 客户端 DLL","10.0.26100.8875 (WinBuild.160101.0800)","Microsoft Corporation","Microsoft® Windows® Operating System"
"28756","win32u.dll","C:\Windows\System32\win32u.dll","0x7FFF09340000","159744","Win32u","10.0.26100.9168 (WinBuild.160101.0800)","Microsoft Corporation","Microsoft® Windows® Operating System"
"28756","GDI32.dll","C:\Windows\System32\GDI32.dll","0x7FFF0B1E0000","176128","GDI Client DLL","10.0.26100.8328 (WinBuild.160101.0800)","Microsoft Corporation","Microsoft® Windows® Operating System"
"28756","gdi32full.dll","C:\Windows\System32\gdi32full.dll","0x7FFF09500000","1216512","GDI Client DLL","10.0.26100.9168 (WinBuild.160101.0800)","Microsoft Corporation","Microsoft® Windows® Operating System"
"28756","IMM32.DLL","C:\Windows\System32\IMM32.DLL","0x7FFF0A510000","204800","Multi-User Windows IMM32 API Client DLL","10.0.26100.8521 (WinBuild.160101.0800)","Microsoft Corporation","Microsoft® Windows® Operating System"
"28756","uxtheme.dll","C:\Windows\system32\uxtheme.dll","0x7FFF04E80000","688128","Microsoft UxTheme 库","10.0.26100.8875 (WinBuild.160101.0800)","Microsoft Corporation","Microsoft® Windows® Operating System"
"28756","mswsock.dll","C:\Windows\system32\mswsock.dll","0x7FFF07F70000","442368","Microsoft Windows Sockets 2.0 服务提供程序","10.0.26100.8875 (WinBuild.160101.0800)","Microsoft Corporation","Microsoft® Windows® Operating System"
"28756","SHELL32.dll","C:\Windows\System32\SHELL32.dll","0x7FFF0A5A0000","7897088","Windows Shell 公用 DLL","10.0.26100.8972 (WinBuild.160101.0800)","Microsoft Corporation","Microsoft® Windows® Operating System"
"28756","MSCTF.dll","C:\Windows\System32\MSCTF.dll","0x7FFF0B5B0000","1429504","MSCTF 服务器 DLL","10.0.26100.8875 (WinBuild.160101.0800)","Microsoft Corporation","Microsoft® Windows® Operating System"
"30356","HeyboxChat.exe","C:\Users\22983\AppData\Local\Qingfeng\HeyboxChat\1.56.0\HeyboxChat.exe","0x7FF6153D0000","192745472","HeyboxChat","1.31.0","heybox","HeyboxChat"
"30356","ntdll.dll","C:\Windows\SYSTEM32\ntdll.dll","0x7FFF0BB20000","2514944","NT 层 DLL","10.0.26100.8972 (WinBuild.160101.0800)","Microsoft Corporation","Microsoft® Windows® Operating System"
"30356","KERNEL32.DLL","C:\Windows\System32\KERNEL32.DLL","0x7FFF0B210000","823296","Windows NT 基本 API 客户端 DLL","10.0.26100.8972 (WinBuild.160101.0800)","Microsoft Corporation","Microsoft® Windows® Operating System"
"30356","KERNELBASE.dll","C:\Windows\System32\KERNELBASE.dll","0x7FFF08D30000","4190208","Windows NT 基本 API 客户端 DLL","10.0.26100.8972 (WinBuild.160101.0800)","Microsoft Corporation","Microsoft® Windows® Operating System"
"30356","OLEAUT32.dll","C:\Windows\System32\OLEAUT32.dll","0x7FFF09E90000","888832","OLEAUT32.DLL","10.0.26100.8972 (WinBuild.160101.0800)","Microsoft Corporation","Microsoft® Windows® Operating System"
"30356","msvcp_win.dll","C:\Windows\System32\msvcp_win.dll","0x7FFF09290000","667648","Microsoft® C Runtime Library","10.0.26100.8875 (WinBuild.160101.0800)","Microsoft Corporation","Microsoft® Windows® Operating System"
"30356","ffmpeg.dll","C:\Users\22983\AppData\Local\Qingfeng\HeyboxChat\1.56.0\ffmpeg.dll","0x7FFE1E1D0000","3854336",,,,
"30356","dbghelp.dll","C:\Windows\SYSTEM32\dbghelp.dll","0x7FFF060E0000","2367488","Windows Image Helper","10.0.26100.8328 (WinBuild.160101.0800)","Microsoft Corporation","Microsoft® Windows® Operating System"
"30356","ucrtbase.dll","C:\Windows\System32\ucrtbase.dll","0x7FFF096F0000","1359872","Microsoft® C Runtime Library","10.0.26100.8875 (WinBuild.160101.0800)","Microsoft Corporation","Microsoft® Windows® Operating System"
"30356","combase.dll","C:\Windows\System32\combase.dll","0x7FFF09FA0000","3690496","用于 Windows 的 Microsoft COM","10.0.26100.8875 (WinBuild.160101.0800)","Microsoft Corporation","Microsoft® Windows® Operating System"
"30356","RPCRT4.dll","C:\Windows\System32\RPCRT4.dll","0x7FFF0B2E0000","1146880","远程过程调用运行时","10.0.26100.8875 (WinBuild.160101.0800)","Microsoft Corporation","Microsoft® Windows® Operating System"
"30356","WS2_32.dll","C:\Windows\System32\WS2_32.dll","0x7FFF0B840000","532480","Windows Socket 2.0 32 位 DLL","10.0.26100.8875 (WinBuild.160101.0800)","Microsoft Corporation","Microsoft® Windows® Operating System"
"30356","CRYPT32.dll","C:\Windows\System32\CRYPT32.dll","0x7FFF09370000","1564672","加密 API32","10.0.26100.8875 (WinBuild.160101.0800)","Microsoft Corporation","Microsoft® Windows® Operating System"
"30356","WINMM.dll","C:\Windows\SYSTEM32\WINMM.dll","0x7FFEF8C70000","221184","MCI API DLL","10.0.26100.8875 (WinBuild.160101.0800)","Microsoft Corporation","Microsoft® Windows® Operating System"
"30356","WINTRUST.dll","C:\Windows\System32\WINTRUST.dll","0x7FFF09200000","536576","Microsoft Trust Verification APIs","10.0.26100.8972 (WinBuild.160101.0800)","Microsoft Corporation","Microsoft® Windows® Operating System"
"30356","msvcrt.dll","C:\Windows\System32\msvcrt.dll","0x7FFF0B4D0000","692224","Windows NT CRT DLL","7.0.26100.8875 (WinBuild.160101.0800)","Microsoft Corporation","Microsoft® Windows® Operating System"
"30356","IPHLPAPI.DLL","C:\Windows\SYSTEM32\IPHLPAPI.DLL","0x7FFF07300000","208896","IP 帮助程序 API","10.0.26100.8875 (WinBuild.160101.0800)","Microsoft Corporation","Microsoft® Windows® Operating System"
"30356","USERENV.dll","C:\Windows\SYSTEM32\USERENV.dll","0x7FFF08020000","204800","Userenv","10.0.26100.8875 (WinBuild.160101.0800)","Microsoft Corporation","Microsoft® Windows® Operating System"
"30356","VERSION.dll","C:\Windows\SYSTEM32\VERSION.dll","0x7FFF022C0000","45056","Version Checking and File Installation Libraries","10.0.26100.1150 (WinBuild.160101.0800)","Microsoft Corporation","Microsoft® Windows® Operating System"
"30356","WINSPOOL.DRV","C:\Windows\SYSTEM32\WINSPOOL.DRV","0x7FFEE3690000","716800","Windows 后台处理程序驱动程序","10.0.26100.8875 (WinBuild.160101.0800)","Microsoft Corporation","Microsoft® Windows® Operating System"
"30356","DWrite.dll","C:\Windows\SYSTEM32\DWrite.dll","0x7FFF05D20000","2519040","Microsoft DirectX 版式服务","10.0.26100.8875 (WinBuild.160101.0800)","Microsoft Corporation","Microsoft® Windows® Operating System"
"30356","Secur32.dll","C:\Windows\SYSTEM32\Secur32.dll","0x7FFF07700000","53248","Security Support Provider Interface","10.0.26100.7705 (WinBuild.160101.0800)","Microsoft Corporation","Microsoft® Windows® Operating System"
"30356","WINHTTP.dll","C:\Windows\SYSTEM32\WINHTTP.dll","0x7FFF020D0000","1212416","Windows HTTP 服务","10.0.26100.8875 (WinBuild.160101.0800)","Microsoft Corporation","Microsoft® Windows® Operating System"
"30356","shcore.dll","C:\Windows\System32\shcore.dll","0x7FFF09C20000","1019904","SHCORE","10.0.26100.8875 (WinBuild.160101.0800)","Microsoft Corporation","Microsoft® Windows® Operating System"
"30356","dhcpcsvc.DLL","C:\Windows\SYSTEM32\dhcpcsvc.DLL","0x7FFF01F30000","151552","DHCP 客户端服务","10.0.26100.8875 (WinBuild.160101.0800)","Microsoft Corporation","Microsoft® Windows® Operating System"
"30356","sechost.dll","C:\Windows\System32\sechost.dll","0x7FFF09A20000","696320","Host for SCM/SDDL/LSA Lookup APIs","10.0.26100.1 (WinBuild.160101.0800)","Microsoft Corporation","Microsoft® Windows® Operating System"
"30356","cfgmgr32.dll","C:\Windows\SYSTEM32\cfgmgr32.dll","0x7FFF08900000","335872","Configuration Manager DLL","10.0.26100.8972 (WinBuild.160101.0800)","Microsoft Corporation","Microsoft® Windows® Operating System"
"30356","dbgcore.DLL","C:\Windows\SYSTEM32\dbgcore.DLL","0x7FFEE5800000","241664","Windows Core Debugging Helpers","10.0.26100.8972 (WinBuild.160101.0800)","Microsoft Corporation","Microsoft® Windows® Operating System"
"30356","DPAPI.DLL","C:\Windows\SYSTEM32\DPAPI.DLL","0x7FFF08980000","40960","Data Protection API","10.0.26100.8521 (WinBuild.160101.0800)","Microsoft Corporation","Microsoft® Windows® Operating System"
"30356","SSPICLI.DLL","C:\Windows\SYSTEM32\SSPICLI.DLL","0x7FFF07C90000","299008","Security Support Provider Interface","10.0.26100.8972 (WinBuild.160101.0800)","Microsoft Corporation","Microsoft® Windows® Operating System"
"30356","MSASN1.dll","C:\Windows\SYSTEM32\MSASN1.dll","0x7FFF08400000","77824","ASN.1 Runtime APIs","10.0.26100.8875 (WinBuild.160101.0800)","Microsoft Corporation","Microsoft® Windows® Operating System"
"30356","bcryptPrimitives.dll","C:\Windows\System32\bcryptPrimitives.dll","0x7FFF09630000","704512","Windows Cryptographic Primitives Library","10.0.26100.9168 (WinBuild.160101.0800)","Microsoft Corporation","Microsoft® Windows® Operating System"
"30356","powrprof.dll","C:\Windows\SYSTEM32\powrprof.dll","0x7FFF089D0000","385024","电源配置文件帮助程序 DLL","10.0.26100.8875 (WinBuild.160101.0800)","Microsoft Corporation","Microsoft® Windows® Operating System"
"30356","UMPDC.dll","C:\Windows\SYSTEM32\UMPDC.dll","0x7FFF089B0000","86016","User Mode Power Dependency Coordinator","10.0.26100.8972 (WinBuild.160101.0800)","Microsoft Corporation","Microsoft® Windows® Operating System"
"30356","USER32.dll","C:\Windows\System32\USER32.dll","0x7FFF09850000","1859584","多用户 Windows 用户 API 客户端 DLL","10.0.26100.8875 (WinBuild.160101.0800)","Microsoft Corporation","Microsoft® Windows® Operating System"
"30356","win32u.dll","C:\Windows\System32\win32u.dll","0x7FFF09340000","159744","Win32u","10.0.26100.9168 (WinBuild.160101.0800)","Microsoft Corporation","Microsoft® Windows® Operating System"
"30356","GDI32.dll","C:\Windows\System32\GDI32.dll","0x7FFF0B1E0000","176128","GDI Client DLL","10.0.26100.8328 (WinBuild.160101.0800)","Microsoft Corporation","Microsoft® Windows® Operating System"
"30356","gdi32full.dll","C:\Windows\System32\gdi32full.dll","0x7FFF09500000","1216512","GDI Client DLL","10.0.26100.9168 (WinBuild.160101.0800)","Microsoft Corporation","Microsoft® Windows® Operating System"
"30356","IMM32.DLL","C:\Windows\System32\IMM32.DLL","0x7FFF0A510000","204800","Multi-User Windows IMM32 API Client DLL","10.0.26100.8521 (WinBuild.160101.0800)","Microsoft Corporation","Microsoft® Windows® Operating System"
"30356","uxtheme.dll","C:\Windows\system32\uxtheme.dll","0x7FFF04E80000","688128","Microsoft UxTheme 库","10.0.26100.8875 (WinBuild.160101.0800)","Microsoft Corporation","Microsoft® Windows® Operating System"
"30356","mswsock.dll","C:\Windows\system32\mswsock.dll","0x7FFF07F70000","442368","Microsoft Windows Sockets 2.0 服务提供程序","10.0.26100.8875 (WinBuild.160101.0800)","Microsoft Corporation","Microsoft® Windows® Operating System"
"30356","SHELL32.dll","C:\Windows\System32\SHELL32.dll","0x7FFF0A5A0000","7897088","Windows Shell 公用 DLL","10.0.26100.8972 (WinBuild.160101.0800)","Microsoft Corporation","Microsoft® Windows® Operating System"
"30356","ADVAPI32.dll","C:\Windows\System32\ADVAPI32.dll","0x7FFF0B400000","770048","高级 Windows 32 基本 API","10.0.26100.8875 (WinBuild.160101.0800)","Microsoft Corporation","Microsoft® Windows® Operating System"
"30356","ntmarta.dll","C:\Windows\SYSTEM32\ntmarta.dll","0x7FFF07B10000","221184","Windows NT MARTA 提供程序","10.0.26100.8875 (WinBuild.160101.0800)","Microsoft Corporation","Microsoft® Windows® Operating System"
"30356","ole32.dll","C:\Windows\System32\ole32.dll","0x7FFF0B940000","1675264","用于 Windows 的 Microsoft OLE","10.0.26100.8875 (WinBuild.160101.0800)","Microsoft Corporation","Microsoft® Windows® Operating System"
"30356","kernel.appcore.dll","C:\Windows\SYSTEM32\kernel.appcore.dll","0x7FFF079E0000","110592","AppModel API Host","10.0.26100.8737 (WinBuild.160101.0800)","Microsoft Corporation","Microsoft® Windows® Operating System"
"30356","mf.dll","C:\Windows\SYSTEM32\mf.dll","0x7FFECC110000","622592","媒体基础 DLL","10.0.26100.8875 (WinBuild.160101.0800)","Microsoft Corporation","Microsoft® Windows® Operating System"
"30356","mfplat.dll","C:\Windows\SYSTEM32\mfplat.dll","0x7FFED8B10000","2244608","媒体基础平台 DLL","10.0.26100.8875 (WinBuild.160101.0800)","Microsoft Corporation","Microsoft® Windows® Operating System"
"30356","RTWorkQ.DLL","C:\Windows\SYSTEM32\RTWorkQ.DLL","0x7FFED8870000","241664","Realtime WorkQueue DLL","10.0.26100.3912 (WinBuild.160101.0800)","Microsoft Corporation","Microsoft® Windows® Operating System"
"30356","vk_swiftshader.dll","C:\Users\22983\AppData\Local\Qingfeng\HeyboxChat\1.56.0\vk_swiftshader.dll","0x7FFDFD270000","5632000","SwiftShader Vulkan 64-bit Dynamic Link Library","5.0.0","","SwiftShader Vulkan Dynamic Link Library"
"30356","dwmapi.dll","C:\Windows\SYSTEM32\dwmapi.dll","0x7FFF04FA0000","192512","Microsoft 桌面窗口管理器 API","10.0.26100.8875 (WinBuild.160101.0800)","Microsoft Corporation","Microsoft® Windows® Operating System"
"30356","dcomp.dll","C:\Windows\SYSTEM32\dcomp.dll","0x7FFF04220000","2248704","Microsoft DirectComposition Library","10.0.26100.8972 (WinBuild.160101.0800)","Microsoft Corporation","Microsoft® Windows® Operating System"
"30356","Microsoft.Internal.WarpPal.dll","C:\Windows\SYSTEM32\Microsoft.Internal.WarpPal.dll","0x7FFF03B30000","102400",,,,
"34240","HeyboxChat.exe","C:\Users\22983\AppData\Local\Qingfeng\HeyboxChat\1.56.0\HeyboxChat.exe","0x7FF6153D0000","192745472","HeyboxChat","1.31.0","heybox","HeyboxChat"
"34240","ntdll.dll","C:\Windows\SYSTEM32\ntdll.dll","0x7FFF0BB20000","2514944","NT 层 DLL","10.0.26100.8972 (WinBuild.160101.0800)","Microsoft Corporation","Microsoft® Windows® Operating System"
"34240","KERNEL32.DLL","C:\Windows\System32\KERNEL32.DLL","0x7FFF0B210000","823296","Windows NT 基本 API 客户端 DLL","10.0.26100.8972 (WinBuild.160101.0800)","Microsoft Corporation","Microsoft® Windows® Operating System"
"34240","KERNELBASE.dll","C:\Windows\System32\KERNELBASE.dll","0x7FFF08D30000","4190208","Windows NT 基本 API 客户端 DLL","10.0.26100.8972 (WinBuild.160101.0800)","Microsoft Corporation","Microsoft® Windows® Operating System"
"34240","OLEAUT32.dll","C:\Windows\System32\OLEAUT32.dll","0x7FFF09E90000","888832","OLEAUT32.DLL","10.0.26100.8972 (WinBuild.160101.0800)","Microsoft Corporation","Microsoft® Windows® Operating System"
"34240","msvcp_win.dll","C:\Windows\System32\msvcp_win.dll","0x7FFF09290000","667648","Microsoft® C Runtime Library","10.0.26100.8875 (WinBuild.160101.0800)","Microsoft Corporation","Microsoft® Windows® Operating System"
"34240","ucrtbase.dll","C:\Windows\System32\ucrtbase.dll","0x7FFF096F0000","1359872","Microsoft® C Runtime Library","10.0.26100.8875 (WinBuild.160101.0800)","Microsoft Corporation","Microsoft® Windows® Operating System"
"34240","combase.dll","C:\Windows\System32\combase.dll","0x7FFF09FA0000","3690496","用于 Windows 的 Microsoft COM","10.0.26100.8875 (WinBuild.160101.0800)","Microsoft Corporation","Microsoft® Windows® Operating System"
"34240","RPCRT4.dll","C:\Windows\System32\RPCRT4.dll","0x7FFF0B2E0000","1146880","远程过程调用运行时","10.0.26100.8875 (WinBuild.160101.0800)","Microsoft Corporation","Microsoft® Windows® Operating System"
"34240","ffmpeg.dll","C:\Users\22983\AppData\Local\Qingfeng\HeyboxChat\1.56.0\ffmpeg.dll","0x7FFE1E1D0000","3854336",,,,
"34240","dbghelp.dll","C:\Windows\SYSTEM32\dbghelp.dll","0x7FFF060E0000","2367488","Windows Image Helper","10.0.26100.8328 (WinBuild.160101.0800)","Microsoft Corporation","Microsoft® Windows® Operating System"
"34240","WS2_32.dll","C:\Windows\System32\WS2_32.dll","0x7FFF0B840000","532480","Windows Socket 2.0 32 位 DLL","10.0.26100.8875 (WinBuild.160101.0800)","Microsoft Corporation","Microsoft® Windows® Operating System"
"34240","WINMM.dll","C:\Windows\SYSTEM32\WINMM.dll","0x7FFEF8C70000","221184","MCI API DLL","10.0.26100.8875 (WinBuild.160101.0800)","Microsoft Corporation","Microsoft® Windows® Operating System"
"34240","CRYPT32.dll","C:\Windows\System32\CRYPT32.dll","0x7FFF09370000","1564672","加密 API32","10.0.26100.8875 (WinBuild.160101.0800)","Microsoft Corporation","Microsoft® Windows® Operating System"
"34240","WINTRUST.dll","C:\Windows\System32\WINTRUST.dll","0x7FFF09200000","536576","Microsoft Trust Verification APIs","10.0.26100.8972 (WinBuild.160101.0800)","Microsoft Corporation","Microsoft® Windows® Operating System"
"34240","msvcrt.dll","C:\Windows\System32\msvcrt.dll","0x7FFF0B4D0000","692224","Windows NT CRT DLL","7.0.26100.8875 (WinBuild.160101.0800)","Microsoft Corporation","Microsoft® Windows® Operating System"
"34240","IPHLPAPI.DLL","C:\Windows\SYSTEM32\IPHLPAPI.DLL","0x7FFF07300000","208896","IP 帮助程序 API","10.0.26100.8875 (WinBuild.160101.0800)","Microsoft Corporation","Microsoft® Windows® Operating System"
"34240","VERSION.dll","C:\Windows\SYSTEM32\VERSION.dll","0x7FFF022C0000","45056","Version Checking and File Installation Libraries","10.0.26100.1150 (WinBuild.160101.0800)","Microsoft Corporation","Microsoft® Windows® Operating System"
"34240","USERENV.dll","C:\Windows\SYSTEM32\USERENV.dll","0x7FFF08020000","204800","Userenv","10.0.26100.8875 (WinBuild.160101.0800)","Microsoft Corporation","Microsoft® Windows® Operating System"
"34240","DWrite.dll","C:\Windows\SYSTEM32\DWrite.dll","0x7FFF05D20000","2519040","Microsoft DirectX 版式服务","10.0.26100.8875 (WinBuild.160101.0800)","Microsoft Corporation","Microsoft® Windows® Operating System"
"34240","Secur32.dll","C:\Windows\SYSTEM32\Secur32.dll","0x7FFF07700000","53248","Security Support Provider Interface","10.0.26100.7705 (WinBuild.160101.0800)","Microsoft Corporation","Microsoft® Windows® Operating System"
"34240","WINSPOOL.DRV","C:\Windows\SYSTEM32\WINSPOOL.DRV","0x7FFEE3690000","716800","Windows 后台处理程序驱动程序","10.0.26100.8875 (WinBuild.160101.0800)","Microsoft Corporation","Microsoft® Windows® Operating System"
"34240","dhcpcsvc.DLL","C:\Windows\SYSTEM32\dhcpcsvc.DLL","0x7FFF01F30000","151552","DHCP 客户端服务","10.0.26100.8875 (WinBuild.160101.0800)","Microsoft Corporation","Microsoft® Windows® Operating System"
"34240","shcore.dll","C:\Windows\System32\shcore.dll","0x7FFF09C20000","1019904","SHCORE","10.0.26100.8875 (WinBuild.160101.0800)","Microsoft Corporation","Microsoft® Windows® Operating System"
"34240","WINHTTP.dll","C:\Windows\SYSTEM32\WINHTTP.dll","0x7FFF020D0000","1212416","Windows HTTP 服务","10.0.26100.8875 (WinBuild.160101.0800)","Microsoft Corporation","Microsoft® Windows® Operating System"
"34240","sechost.dll","C:\Windows\System32\sechost.dll","0x7FFF09A20000","696320","Host for SCM/SDDL/LSA Lookup APIs","10.0.26100.1 (WinBuild.160101.0800)","Microsoft Corporation","Microsoft® Windows® Operating System"
"34240","cfgmgr32.dll","C:\Windows\SYSTEM32\cfgmgr32.dll","0x7FFF08900000","335872","Configuration Manager DLL","10.0.26100.8972 (WinBuild.160101.0800)","Microsoft Corporation","Microsoft® Windows® Operating System"
"34240","dbgcore.DLL","C:\Windows\SYSTEM32\dbgcore.DLL","0x7FFEE5800000","241664","Windows Core Debugging Helpers","10.0.26100.8972 (WinBuild.160101.0800)","Microsoft Corporation","Microsoft® Windows® Operating System"
"34240","DPAPI.DLL","C:\Windows\SYSTEM32\DPAPI.DLL","0x7FFF08980000","40960","Data Protection API","10.0.26100.8521 (WinBuild.160101.0800)","Microsoft Corporation","Microsoft® Windows® Operating System"
"34240","SSPICLI.DLL","C:\Windows\SYSTEM32\SSPICLI.DLL","0x7FFF07C90000","299008","Security Support Provider Interface","10.0.26100.8972 (WinBuild.160101.0800)","Microsoft Corporation","Microsoft® Windows® Operating System"
"34240","MSASN1.dll","C:\Windows\SYSTEM32\MSASN1.dll","0x7FFF08400000","77824","ASN.1 Runtime APIs","10.0.26100.8875 (WinBuild.160101.0800)","Microsoft Corporation","Microsoft® Windows® Operating System"
"34240","bcryptPrimitives.dll","C:\Windows\System32\bcryptPrimitives.dll","0x7FFF09630000","704512","Windows Cryptographic Primitives Library","10.0.26100.9168 (WinBuild.160101.0800)","Microsoft Corporation","Microsoft® Windows® Operating System"
"34240","powrprof.dll","C:\Windows\SYSTEM32\powrprof.dll","0x7FFF089D0000","385024","电源配置文件帮助程序 DLL","10.0.26100.8875 (WinBuild.160101.0800)","Microsoft Corporation","Microsoft® Windows® Operating System"
"34240","UMPDC.dll","C:\Windows\SYSTEM32\UMPDC.dll","0x7FFF089B0000","86016","User Mode Power Dependency Coordinator","10.0.26100.8972 (WinBuild.160101.0800)","Microsoft Corporation","Microsoft® Windows® Operating System"
"34240","USER32.dll","C:\Windows\System32\USER32.dll","0x7FFF09850000","1859584","多用户 Windows 用户 API 客户端 DLL","10.0.26100.8875 (WinBuild.160101.0800)","Microsoft Corporation","Microsoft® Windows® Operating System"
"34240","win32u.dll","C:\Windows\System32\win32u.dll","0x7FFF09340000","159744","Win32u","10.0.26100.9168 (WinBuild.160101.0800)","Microsoft Corporation","Microsoft® Windows® Operating System"
"34240","GDI32.dll","C:\Windows\System32\GDI32.dll","0x7FFF0B1E0000","176128","GDI Client DLL","10.0.26100.8328 (WinBuild.160101.0800)","Microsoft Corporation","Microsoft® Windows® Operating System"
"34240","gdi32full.dll","C:\Windows\System32\gdi32full.dll","0x7FFF09500000","1216512","GDI Client DLL","10.0.26100.9168 (WinBuild.160101.0800)","Microsoft Corporation","Microsoft® Windows® Operating System"
"34240","IMM32.DLL","C:\Windows\System32\IMM32.DLL","0x7FFF0A510000","204800","Multi-User Windows IMM32 API Client DLL","10.0.26100.8521 (WinBuild.160101.0800)","Microsoft Corporation","Microsoft® Windows® Operating System"
"34240","uxtheme.dll","C:\Windows\system32\uxtheme.dll","0x7FFF04E80000","688128","Microsoft UxTheme 库","10.0.26100.8875 (WinBuild.160101.0800)","Microsoft Corporation","Microsoft® Windows® Operating System"
"34240","mswsock.dll","C:\Windows\system32\mswsock.dll","0x7FFF07F70000","442368","Microsoft Windows Sockets 2.0 服务提供程序","10.0.26100.8875 (WinBuild.160101.0800)","Microsoft Corporation","Microsoft® Windows® Operating System"
"34240","SHELL32.dll","C:\Windows\System32\SHELL32.dll","0x7FFF0A5A0000","7897088","Windows Shell 公用 DLL","10.0.26100.8972 (WinBuild.160101.0800)","Microsoft Corporation","Microsoft® Windows® Operating System"
"34240","ADVAPI32.dll","C:\Windows\System32\ADVAPI32.dll","0x7FFF0B400000","770048","高级 Windows 32 基本 API","10.0.26100.8875 (WinBuild.160101.0800)","Microsoft Corporation","Microsoft® Windows® Operating System"
"34240","ntmarta.dll","C:\Windows\SYSTEM32\ntmarta.dll","0x7FFF07B10000","221184","Windows NT MARTA 提供程序","10.0.26100.8875 (WinBuild.160101.0800)","Microsoft Corporation","Microsoft® Windows® Operating System"
"34240","nlansp_c.dll","C:\Windows\system32\nlansp_c.dll","0x7FFECBBE0000","139264","NLA Namespace Service Provider DLL","10.0.26100.8972 (WinBuild.160101.0800)","Microsoft Corporation","Microsoft® Windows® Operating System"
"34240","NSI.dll","C:\Windows\System32\NSI.dll","0x7FFF09D20000","40960","NSI User-mode interface DLL","10.0.26100.8875 (WinBuild.160101.0800)","Microsoft Corporation","Microsoft® Windows® Operating System"
"34240","dhcpcsvc6.DLL","C:\Windows\SYSTEM32\dhcpcsvc6.DLL","0x7FFF02230000","118784","DHCPv6 客户端","10.0.26100.8875 (WinBuild.160101.0800)","Microsoft Corporation","Microsoft® Windows® Operating System"
"34240","DNSAPI.dll","C:\Windows\SYSTEM32\DNSAPI.dll","0x7FFF07390000","1409024","DNS 客户端 API DLL","10.0.26100.8972 (WinBuild.160101.0800)","Microsoft Corporation","Microsoft® Windows® Operating System"
"34240","DSPARSE.dll","C:\Windows\SYSTEM32\DSPARSE.dll","0x7FFF07D70000","53248","Active Directory Domain Services API","10.0.26100.1 (WinBuild.160101.0800)","Microsoft Corporation","Microsoft® Windows® Operating System"
"34240","ole32.dll","C:\Windows\System32\ole32.dll","0x7FFF0B940000","1675264","用于 Windows 的 Microsoft OLE","10.0.26100.8875 (WinBuild.160101.0800)","Microsoft Corporation","Microsoft® Windows® Operating System"
"34240","kernel.appcore.dll","C:\Windows\SYSTEM32\kernel.appcore.dll","0x7FFF079E0000","110592","AppModel API Host","10.0.26100.8737 (WinBuild.160101.0800)","Microsoft Corporation","Microsoft® Windows® Operating System"
"34240","clbcatq.dll","C:\Windows\System32\clbcatq.dll","0x7FFF09B60000","712704","COM+ Configuration Catalog","2001.12.10941.16384 (WinBuild.160101.0800)","Microsoft Corporation","Microsoft® Windows® Operating System"
"34240","netprofm.dll","C:\Windows\System32\netprofm.dll","0x7FFF033E0000","446464","网络列表管理器","10.0.26100.8875 (WinBuild.160101.0800)","Microsoft Corporation","Microsoft® Windows® Operating System"
"34240","npmproxy.dll","C:\Windows\System32\npmproxy.dll","0x7FFF012E0000","102400","Network List Manager Proxy","10.0.26100.8328 (WinBuild.160101.0800)","Microsoft Corporation","Microsoft® Windows® Operating System"
